route,route_status,page_type,title,meta_description,h1,breadcrumb,recommended_schema,canonical,robots,primary_query_theme,proof_or_review_gate
/,current canonical,core,Home | Silverstone AI,"Web, app, content and AI workflow services for UK businesses, designed around clear problems, connected systems and human oversight.","Practical technology that helps small teams respond, deliver and grow",Home,Organization | WebSite | WebPage,https://silverstone-ai.com,"index, follow",digital services and AI automation UK,"Address, pricing, action and organization fields require owner/legal approval"
/about,current canonical,core,About Silverstone AI | Practical Digital Systems,"Learn how Silverstone approaches websites, apps and AI workflows with clear scope, human oversight and evidence-led delivery.","Practical systems, clearly explained",Home › About,AboutPage | Organization | BreadcrumbList,https://silverstone-ai.com/about,"index, follow",about Silverstone AI,"Address, pricing, action and organization fields require owner/legal approval"
/services,current canonical,core,Digital Services for UK Businesses | Silverstone AI,"Explore Silverstone’s web, app, content and AI services for UK businesses, with clear scopes, safeguards and practical next steps.",Services built around real business workflows,Home › Services,CollectionPage | ItemList | BreadcrumbList,https://silverstone-ai.com/services,"index, follow",digital services UK,"Address, pricing, action and organization fields require owner/legal approval"
/pricing,current canonical,core,How Pricing Works | Silverstone AI,"Understand how Silverstone scopes web, app, content and AI workflow projects before an approved proposal is prepared.",Pricing starts with a defined scope,Home › Pricing,WebPage | BreadcrumbList,https://silverstone-ai.com/pricing,"index, follow",AI automation pricing UK,"Address, pricing, action and organization fields require owner/legal approval"
/blog,current canonical,core,Practical AI and Digital Guides | Silverstone AI,"Read practical UK guides on websites, AI reception, voice agents, automation, content and workflow design.",Practical guides for better digital decisions,Home › Insights,CollectionPage | ItemList | BreadcrumbList,https://silverstone-ai.com/blog,"index, follow",AI automation guides UK,"Address, pricing, action and organization fields require owner/legal approval"
/book,current canonical,core,Book a Discovery Call | Silverstone AI,"Book a 30-minute discovery call to discuss a website, app, content or AI workflow problem with Silverstone.",Book a discovery call,Home › Book,WebPage | BreadcrumbList,https://silverstone-ai.com/book,"index, follow",book AI automation discovery call,"Address, pricing, action and organization fields require owner/legal approval"
/contact,current canonical,core,Contact Silverstone AI | London and UK,"Contact Silverstone to discuss web design, app development, content, AI reception, voice agents or workflow automation.",Contact Silverstone,Home › Contact,ContactPage | Organization | BreadcrumbList,https://silverstone-ai.com/contact,"index, follow",contact Silverstone AI,"Address, pricing, action and organization fields require owner/legal approval"
/privacy-policy,current canonical,core,Privacy Policy | Silverstone AI,"Read how Silverstone handles personal data, enquiries, website use and relevant data-protection rights.",Privacy Policy,Home › Privacy Policy,WebPage | BreadcrumbList,https://silverstone-ai.com/privacy-policy,"index, follow",Silverstone privacy policy,"Address, pricing, action and organization fields require owner/legal approval"
/industries,proposed new route,hub,Industries We Support | Silverstone AI,"Explore practical website, app and AI workflow ideas for nine UK business sectors, with specific use cases and safeguards.",Technology shaped around your operating reality,Home › Industries,CollectionPage | ItemList | BreadcrumbList,https://silverstone-ai.com/industries,"index, follow",AI services by industry UK,
/how-we-work,proposed new route,core,How Silverstone Works | Discovery to Delivery,"See how Silverstone defines, designs, builds and reviews websites, apps and AI workflows for UK businesses.",A clear route from problem to working system,Home › How we work,WebPage | BreadcrumbList,https://silverstone-ai.com/how-we-work,"index, follow",AI project process UK,
/services/web-design-development,proposed new route,service,Web Design & Development for UK Businesses | Silverstone AI,"Conversion-led websites that explain the offer clearly, work across devices and create a practical path from visit to enquiry.",Web Design & Development built around a clear business problem,Home › Services › Web Design & Development,Service | WebPage | BreadcrumbList,https://silverstone-ai.com/services/web-design-development,"index, follow",web design and development for UK small businesses,Service capability and portfolio evidence require approval
/services/app-development,proposed new route,service,Custom App Development for UK Businesses | Silverstone AI,"Focused web and mobile applications designed around a real operational or customer problem, not a feature wish list.",Custom App Development built around a clear business problem,Home › Services › Custom App Development,Service | WebPage | BreadcrumbList,https://silverstone-ai.com/services/app-development,"index, follow",custom app development for UK businesses,Service capability and portfolio evidence require approval
/services/ai-voice-agents,proposed new route,service,AI Voice Agents for UK Businesses | Silverstone AI,"Conversational phone agents that handle defined call flows, capture information and take approved actions with clear human escalation.",AI Voice Agents built around a clear business problem,Home › Services › AI Voice Agents,Service | WebPage | BreadcrumbList,https://silverstone-ai.com/services/ai-voice-agents,"index, follow",AI voice agents for UK businesses,Service capability and portfolio evidence require approval
/services/ai-receptionists,proposed new route,service,AI Receptionists for UK Businesses | Silverstone AI,"A practical front-desk layer for common enquiries, message-taking, routing and booking, configured around your operating rules.",AI Receptionists built around a clear business problem,Home › Services › AI Receptionists,Service | WebPage | BreadcrumbList,https://silverstone-ai.com/services/ai-receptionists,"index, follow",AI receptionist for UK small businesses,Service capability and portfolio evidence require approval
/services/content-creation,proposed new route,service,Content Creation & Repurposing for UK Businesses | Silverstone AI,"A governed content system that turns approved expertise into useful website, email and social material without inventing proof.",Content Creation & Repurposing built around a clear business problem,Home › Services › Content Creation & Repurposing,Service | WebPage | BreadcrumbList,https://silverstone-ai.com/services/content-creation,"index, follow",content creation and repurposing for UK businesses,Service capability and portfolio evidence require approval
/services/ai-automation,proposed new route,service,AI Automation & Agent Workflows for UK Businesses | Silverstone AI,"Connected workflows and task-focused agents that move information, trigger actions and keep people in control of exceptions.",AI Automation & Agent Workflows built around a clear business problem,Home › Services › AI Automation & Agent Workflows,Service | WebPage | BreadcrumbList,https://silverstone-ai.com/services/ai-automation,"index, follow",AI automation agency UK and AI agent workflows,Service capability and portfolio evidence require approval
/services/estate-agents,current canonical; proposed path migration,industry,Digital and AI Services for Estate Agents | Silverstone AI,"Practical websites, apps and AI workflows for UK estate agents, designed around real enquiries, admin and human handoffs.",Practical digital workflows for estate agents,Home › Industries › Estate Agents,WebPage | Service | BreadcrumbList,https://silverstone-ai.com/services/estate-agents,"index, follow",AI automation for estate agents UK,Industry examples and regulated claims require review
/services/hospitality,current canonical; proposed path migration,industry,Digital and AI Services for Hospitality | Silverstone AI,"Practical websites, apps and AI workflows for UK hospitality, designed around real enquiries, admin and human handoffs.",Practical digital workflows for hospitality,Home › Industries › Hospitality,WebPage | Service | BreadcrumbList,https://silverstone-ai.com/services/hospitality,"index, follow",AI automation for hospitality UK,Industry examples and regulated claims require review
/services/salons-barbers,current canonical; proposed path migration,industry,Digital and AI Services for Salons & Barbers | Silverstone AI,"Practical websites, apps and AI workflows for UK salons & barbers, designed around real enquiries, admin and human handoffs.",Practical digital workflows for salons & barbers,Home › Industries › Salons & Barbers,WebPage | Service | BreadcrumbList,https://silverstone-ai.com/services/salons-barbers,"index, follow",booking automation for salons and barbers UK,Industry examples and regulated claims require review
/services/trades,current canonical; proposed path migration,industry,Digital and AI Services for Trades & Home Services | Silverstone AI,"Practical websites, apps and AI workflows for UK trades & home services, designed around real enquiries, admin and human handoffs.",Practical digital workflows for trades & home services,Home › Industries › Trades & Home Services,WebPage | Service | BreadcrumbList,https://silverstone-ai.com/services/trades,"index, follow",AI call answering and quote follow-up for trades UK,Industry examples and regulated claims require review
/services/ecommerce,current canonical; proposed path migration,industry,Digital and AI Services for eCommerce Brands | Silverstone AI,"Practical websites, apps and AI workflows for UK ecommerce brands, designed around real enquiries, admin and human handoffs.",Practical digital workflows for ecommerce brands,Home › Industries › eCommerce Brands,WebPage | Service | BreadcrumbList,https://silverstone-ai.com/services/ecommerce,"index, follow",AI automation for ecommerce brands UK,Industry examples and regulated claims require review
/services/physios-chiropractors,current canonical; proposed path migration,industry,Digital Services for Physio & Chiropractic Clinics | Silverstone AI,"Practical websites, apps and AI workflows for UK physio & chiropractic clinics, designed around real enquiries, admin and human handoffs.",Practical digital workflows for physio & chiropractic clinics,Home › Industries › Physio & Chiropractic Clinics,WebPage | Service | BreadcrumbList,https://silverstone-ai.com/services/physios-chiropractors,"index, follow",AI automation for physio and chiropractic clinics UK,Industry examples and regulated claims require review
/services/dentists,current canonical; proposed path migration,industry,Digital and AI Services for Dental Practices | Silverstone AI,"Practical websites, apps and AI workflows for UK dental practices, designed around real enquiries, admin and human handoffs.",Practical digital workflows for dental practices,Home › Industries › Dental Practices,WebPage | Service | BreadcrumbList,https://silverstone-ai.com/services/dentists,"index, follow",AI receptionist and automation for dentists UK,Industry examples and regulated claims require review
/services/gyms-fitness-studios,current canonical; proposed path migration,industry,Digital and AI Services for Gyms & Fitness Studios | Silverstone AI,"Practical websites, apps and AI workflows for UK gyms & fitness studios, designed around real enquiries, admin and human handoffs.",Practical digital workflows for gyms & fitness studios,Home › Industries › Gyms & Fitness Studios,WebPage | Service | BreadcrumbList,https://silverstone-ai.com/services/gyms-fitness-studios,"index, follow",gym booking and member automation UK,Industry examples and regulated claims require review
/services/fitness-coaches,current canonical; proposed path migration,industry,Digital and AI Services for Fitness Coaches | Silverstone AI,"Practical websites, apps and AI workflows for UK fitness coaches, designed around real enquiries, admin and human handoffs.",Practical digital workflows for fitness coaches,Home › Industries › Fitness Coaches,WebPage | Service | BreadcrumbList,https://silverstone-ai.com/services/fitness-coaches,"index, follow",lead qualification automation for fitness coaches UK,Industry examples and regulated claims require review
/blog/ai-appointment-reminders-uk-2026,current canonical,article,AI Appointment Reminders for UK Businesses | Silverstone AI,"A practical UK guide to ai appointment reminders for uk businesses, including workflow design, human handoff, implementation questions and safeguards.",AI Appointment Reminders for UK Businesses,Home › Insights › Article,BlogPosting | BreadcrumbList,https://silverstone-ai.com/blog/ai-appointment-reminders-uk-2026,"index, follow",ai appointment reminders for uk businesses,Revalidate cited figures and examples; remove unsupported claims before republishing
/blog/ai-automation-failures-uk-smes-2026,current canonical,article,How UK SMEs Can Fix AI Automation Failures | Silverstone AI,"A practical UK guide to how uk smes can fix ai automation failures, including workflow design, human handoff, implementation questions and safeguards.",How UK SMEs Can Fix AI Automation Failures,Home › Insights › Article,BlogPosting | BreadcrumbList,https://silverstone-ai.com/blog/ai-automation-failures-uk-smes-2026,"index, follow",how uk smes can fix ai automation failures,Revalidate cited figures and examples; remove unsupported claims before republishing
/blog/ai-automation-uk-gdpr-2026-sme-guide,current canonical,article,AI Automation and UK GDPR: An SME Guide | Silverstone AI,"A practical UK guide to ai automation and uk gdpr: an sme guide, including workflow design, human handoff, implementation questions and safeguards.",AI Automation and UK GDPR: An SME Guide,Home › Insights › Article,BlogPosting | BreadcrumbList,https://silverstone-ai.com/blog/ai-automation-uk-gdpr-2026-sme-guide,"index, follow",ai automation and uk gdpr: an sme guide,Revalidate cited figures and examples; remove unsupported claims before republishing
/blog/ai-automations-physio-chiro-clinics-uk,current canonical,article,AI Automations for Physio and Chiropractic Clinics | Silverstone AI,"A practical UK guide to ai automations for physio and chiropractic clinics, including workflow design, human handoff, implementation questions and safeguards.",AI Automations for Physio and Chiropractic Clinics,Home › Insights › Article,BlogPosting | BreadcrumbList,https://silverstone-ai.com/blog/ai-automations-physio-chiro-clinics-uk,"index, follow",ai automations for physio and chiropractic clinics,Revalidate cited figures and examples; remove unsupported claims before republishing
/blog/ai-booking-automation-uk-hospitality-2026,current canonical,article,AI Booking Automation for UK Hospitality | Silverstone AI,"A practical UK guide to ai booking automation for uk hospitality, including workflow design, human handoff, implementation questions and safeguards.",AI Booking Automation for UK Hospitality,Home › Insights › Article,BlogPosting | BreadcrumbList,https://silverstone-ai.com/blog/ai-booking-automation-uk-hospitality-2026,"index, follow",ai booking automation for uk hospitality,Revalidate cited figures and examples; remove unsupported claims before republishing
/blog/ai-call-answering-trades-uk,current canonical,article,AI Call Answering for UK Trades | Silverstone AI,"A practical UK guide to ai call answering for uk trades, including workflow design, human handoff, implementation questions and safeguards.",AI Call Answering for UK Trades,Home › Insights › Article,BlogPosting | BreadcrumbList,https://silverstone-ai.com/blog/ai-call-answering-trades-uk,"index, follow",ai call answering for uk trades,Revalidate cited figures and examples; remove unsupported claims before republishing
/blog/ai-document-automation-uk-smes-2026,current canonical,article,AI Document Automation for UK SMEs | Silverstone AI,"A practical UK guide to ai document automation for uk smes, including workflow design, human handoff, implementation questions and safeguards.",AI Document Automation for UK SMEs,Home › Insights › Article,BlogPosting | BreadcrumbList,https://silverstone-ai.com/blog/ai-document-automation-uk-smes-2026,"index, follow",ai document automation for uk smes,Revalidate cited figures and examples; remove unsupported claims before republishing
/blog/ai-etas-smart-scheduling-uk-trades-2026,current canonical,article,AI Scheduling and ETA Updates for UK Trades | Silverstone AI,"A practical UK guide to ai scheduling and eta updates for uk trades, including workflow design, human handoff, implementation questions and safeguards.",AI Scheduling and ETA Updates for UK Trades,Home › Insights › Article,BlogPosting | BreadcrumbList,https://silverstone-ai.com/blog/ai-etas-smart-scheduling-uk-trades-2026,"index, follow",ai scheduling and eta updates for uk trades,Revalidate cited figures and examples; remove unsupported claims before republishing
/blog/ai-guest-concierge-hotels-bbs-uk,current canonical,article,AI Guest Concierge Workflows for Hotels and B&Bs | Silverstone AI,"A practical UK guide to ai guest concierge workflows for hotels and b&bs, including workflow design, human handoff, implementation questions and safeguards.",AI Guest Concierge Workflows for Hotels and B&Bs,Home › Insights › Article,BlogPosting | BreadcrumbList,https://silverstone-ai.com/blog/ai-guest-concierge-hotels-bbs-uk,"index, follow",ai guest concierge workflows for hotels and b&bs,Revalidate cited figures and examples; remove unsupported claims before republishing
/blog/ai-lead-capture-trades-uk-2026,current canonical,article,AI Lead Capture for UK Trades | Silverstone AI,"A practical UK guide to ai lead capture for uk trades, including workflow design, human handoff, implementation questions and safeguards.",AI Lead Capture for UK Trades,Home › Insights › Article,BlogPosting | BreadcrumbList,https://silverstone-ai.com/blog/ai-lead-capture-trades-uk-2026,"index, follow",ai lead capture for uk trades,Revalidate cited figures and examples; remove unsupported claims before republishing
/blog/ai-lead-capture-uk-trades-2026,current canonical,article,AI Lead Capture Workflows for UK Trades | Silverstone AI,"A practical UK guide to ai lead capture workflows for uk trades, including workflow design, human handoff, implementation questions and safeguards.",AI Lead Capture Workflows for UK Trades,Home › Insights › Article,BlogPosting | BreadcrumbList,https://silverstone-ai.com/blog/ai-lead-capture-uk-trades-2026,"index, follow",ai lead capture workflows for uk trades,Revalidate cited figures and examples; remove unsupported claims before republishing
/blog/ai-lead-qualification-estate-agents-2026,current canonical,article,AI Lead Qualification for UK Estate Agents | Silverstone AI,"A practical UK guide to ai lead qualification for uk estate agents, including workflow design, human handoff, implementation questions and safeguards.",AI Lead Qualification for UK Estate Agents,Home › Insights › Article,BlogPosting | BreadcrumbList,https://silverstone-ai.com/blog/ai-lead-qualification-estate-agents-2026,"index, follow",ai lead qualification for uk estate agents,Revalidate cited figures and examples; remove unsupported claims before republishing
/blog/ai-lead-scoring-fitness-coaches-uk,current canonical,article,AI Lead Scoring for UK Fitness Coaches | Silverstone AI,"A practical UK guide to ai lead scoring for uk fitness coaches, including workflow design, human handoff, implementation questions and safeguards.",AI Lead Scoring for UK Fitness Coaches,Home › Insights › Article,BlogPosting | BreadcrumbList,https://silverstone-ai.com/blog/ai-lead-scoring-fitness-coaches-uk,"index, follow",ai lead scoring for uk fitness coaches,Revalidate cited figures and examples; remove unsupported claims before republishing
/blog/ai-missed-call-recovery-dentists-uk,current canonical,article,AI Missed-Call Recovery for Dentists | Silverstone AI,"A practical UK guide to ai missed-call recovery for dentists, including workflow design, human handoff, implementation questions and safeguards.",AI Missed-Call Recovery for Dentists,Home › Insights › Article,BlogPosting | BreadcrumbList,https://silverstone-ai.com/blog/ai-missed-call-recovery-dentists-uk,"index, follow",ai missed-call recovery for dentists,Revalidate cited figures and examples; remove unsupported claims before republishing
/blog/ai-no-show-reduction-uk-salons-barbers,current canonical,article,Appointment Reminder Workflows for Salons and Barbers | Silverstone AI,"A practical UK guide to appointment reminder workflows for salons and barbers, including workflow design, human handoff, implementation questions and safeguards.",Appointment Reminder Workflows for Salons and Barbers,Home › Insights › Article,BlogPosting | BreadcrumbList,https://silverstone-ai.com/blog/ai-no-show-reduction-uk-salons-barbers,"index, follow",appointment reminder workflows for salons and barbers,Revalidate cited figures and examples; remove unsupported claims before republishing
/blog/ai-quote-follow-up-trades,current canonical,article,AI Quote Follow-Up for Trades | Silverstone AI,"A practical UK guide to ai quote follow-up for trades, including workflow design, human handoff, implementation questions and safeguards.",AI Quote Follow-Up for Trades,Home › Insights › Article,BlogPosting | BreadcrumbList,https://silverstone-ai.com/blog/ai-quote-follow-up-trades,"index, follow",ai quote follow-up for trades,Revalidate cited figures and examples; remove unsupported claims before republishing
/blog/ai-rebooking-journeys-salons-uk,current canonical,article,AI Rebooking Journeys for Salons | Silverstone AI,"A practical UK guide to ai rebooking journeys for salons, including workflow design, human handoff, implementation questions and safeguards.",AI Rebooking Journeys for Salons,Home › Insights › Article,BlogPosting | BreadcrumbList,https://silverstone-ai.com/blog/ai-rebooking-journeys-salons-uk,"index, follow",ai rebooking journeys for salons,Revalidate cited figures and examples; remove unsupported claims before republishing
/blog/ai-receptionist-small-business-2026,current canonical,article,AI Receptionists for Small Business | Silverstone AI,"A practical UK guide to ai receptionists for small business, including workflow design, human handoff, implementation questions and safeguards.",AI Receptionists for Small Business,Home › Insights › Article,BlogPosting | BreadcrumbList,https://silverstone-ai.com/blog/ai-receptionist-small-business-2026,"index, follow",ai receptionists for small business,Revalidate cited figures and examples; remove unsupported claims before republishing
/blog/ai-receptionist-uk-costs-roi-2026,current canonical,article,AI Receptionist Costs and Planning for UK SMEs | Silverstone AI,"A practical UK guide to ai receptionist costs and planning for uk smes, including workflow design, human handoff, implementation questions and safeguards.",AI Receptionist Costs and Planning for UK SMEs,Home › Insights › Article,BlogPosting | BreadcrumbList,https://silverstone-ai.com/blog/ai-receptionist-uk-costs-roi-2026,"index, follow",ai receptionist costs and planning for uk smes,Revalidate cited figures and examples; remove unsupported claims before republishing
/blog/ai-returns-triage-ecommerce-uk,current canonical,article,AI Returns Triage for UK eCommerce | Silverstone AI,"A practical UK guide to ai returns triage for uk ecommerce, including workflow design, human handoff, implementation questions and safeguards.",AI Returns Triage for UK eCommerce,Home › Insights › Article,BlogPosting | BreadcrumbList,https://silverstone-ai.com/blog/ai-returns-triage-ecommerce-uk,"index, follow",ai returns triage for uk ecommerce,Revalidate cited figures and examples; remove unsupported claims before republishing
/blog/ai-viewing-feedback-estate-agents-uk,current canonical,article,AI Viewing Feedback for Estate Agents | Silverstone AI,"A practical UK guide to ai viewing feedback for estate agents, including workflow design, human handoff, implementation questions and safeguards.",AI Viewing Feedback for Estate Agents,Home › Insights › Article,BlogPosting | BreadcrumbList,https://silverstone-ai.com/blog/ai-viewing-feedback-estate-agents-uk,"index, follow",ai viewing feedback for estate agents,Revalidate cited figures and examples; remove unsupported claims before republishing
/blog/ai-voice-agents-uk-smes-2026,current canonical,article,AI Voice Agents for UK SMEs | Silverstone AI,"A practical UK guide to ai voice agents for uk smes, including workflow design, human handoff, implementation questions and safeguards.",AI Voice Agents for UK SMEs,Home › Insights › Article,BlogPosting | BreadcrumbList,https://silverstone-ai.com/blog/ai-voice-agents-uk-smes-2026,"index, follow",ai voice agents for uk smes,Revalidate cited figures and examples; remove unsupported claims before republishing
/blog/ai-website-tools-uk-small-businesses-2026,current canonical,article,AI Website Tools for UK Small Businesses | Silverstone AI,"A practical UK guide to ai website tools for uk small businesses, including workflow design, human handoff, implementation questions and safeguards.",AI Website Tools for UK Small Businesses,Home › Insights › Article,BlogPosting | BreadcrumbList,https://silverstone-ai.com/blog/ai-website-tools-uk-small-businesses-2026,"index, follow",ai website tools for uk small businesses,Revalidate cited figures and examples; remove unsupported claims before republishing
/blog/ai-win-back-journeys-gyms-uk,current canonical,article,AI Win-Back Journeys for Gyms | Silverstone AI,"A practical UK guide to ai win-back journeys for gyms, including workflow design, human handoff, implementation questions and safeguards.",AI Win-Back Journeys for Gyms,Home › Insights › Article,BlogPosting | BreadcrumbList,https://silverstone-ai.com/blog/ai-win-back-journeys-gyms-uk,"index, follow",ai win-back journeys for gyms,Revalidate cited figures and examples; remove unsupported claims before republishing
/blog/clinic-rebooking-physio-chiro-uk,current canonical,article,Clinic Rebooking Automation for Physios | Silverstone AI,"A practical UK guide to clinic rebooking automation for physios, including workflow design, human handoff, implementation questions and safeguards.",Clinic Rebooking Automation for Physios,Home › Insights › Article,BlogPosting | BreadcrumbList,https://silverstone-ai.com/blog/clinic-rebooking-physio-chiro-uk,"index, follow",clinic rebooking automation for physios,Revalidate cited figures and examples; remove unsupported claims before republishing
/blog/dental-intake-e-consent-automation-uk,current canonical,article,Dental Intake and E-Consent Automation | Silverstone AI,"A practical UK guide to dental intake and e-consent automation, including workflow design, human handoff, implementation questions and safeguards.",Dental Intake and E-Consent Automation,Home › Insights › Article,BlogPosting | BreadcrumbList,https://silverstone-ai.com/blog/dental-intake-e-consent-automation-uk,"index, follow",dental intake and e-consent automation,Revalidate cited figures and examples; remove unsupported claims before republishing
/blog/dental-recall-automation-uk-2026,current canonical,article,Dental Recall Automation for UK Practices | Silverstone AI,"A practical UK guide to dental recall automation for uk practices, including workflow design, human handoff, implementation questions and safeguards.",Dental Recall Automation for UK Practices,Home › Insights › Article,BlogPosting | BreadcrumbList,https://silverstone-ai.com/blog/dental-recall-automation-uk-2026,"index, follow",dental recall automation for uk practices,Revalidate cited figures and examples; remove unsupported claims before republishing
/blog/dm-to-client-automation-uk-fitness-coaches-2026,current canonical,article,DM-to-Client Automation for UK Fitness Coaches | Silverstone AI,"A practical UK guide to dm-to-client automation for uk fitness coaches, including workflow design, human handoff, implementation questions and safeguards.",DM-to-Client Automation for UK Fitness Coaches,Home › Insights › Article,BlogPosting | BreadcrumbList,https://silverstone-ai.com/blog/dm-to-client-automation-uk-fitness-coaches-2026,"index, follow",dm-to-client automation for uk fitness coaches,Revalidate cited figures and examples; remove unsupported claims before republishing
/blog/estate-agent-viewing-confirmations-uk,current canonical,article,Estate Agent Viewing Confirmations | Silverstone AI,"A practical UK guide to estate agent viewing confirmations, including workflow design, human handoff, implementation questions and safeguards.",Estate Agent Viewing Confirmations,Home › Insights › Article,BlogPosting | BreadcrumbList,https://silverstone-ai.com/blog/estate-agent-viewing-confirmations-uk,"index, follow",estate agent viewing confirmations,Revalidate cited figures and examples; remove unsupported claims before republishing
/blog/gym-booking-automation-uk-gyms-studios-2026,current canonical,article,Gym Booking Automation for UK Studios | Silverstone AI,"A practical UK guide to gym booking automation for uk studios, including workflow design, human handoff, implementation questions and safeguards.",Gym Booking Automation for UK Studios,Home › Insights › Article,BlogPosting | BreadcrumbList,https://silverstone-ai.com/blog/gym-booking-automation-uk-gyms-studios-2026,"index, follow",gym booking automation for uk studios,Revalidate cited figures and examples; remove unsupported claims before republishing
/blog/post-purchase-automation-uk-ecommerce-repeat-customers,current canonical,article,Post-Purchase Automation for UK eCommerce | Silverstone AI,"A practical UK guide to post-purchase automation for uk ecommerce, including workflow design, human handoff, implementation questions and safeguards.",Post-Purchase Automation for UK eCommerce,Home › Insights › Article,BlogPosting | BreadcrumbList,https://silverstone-ai.com/blog/post-purchase-automation-uk-ecommerce-repeat-customers,"index, follow",post-purchase automation for uk ecommerce,Revalidate cited figures and examples; remove unsupported claims before republishing
/blog/quote-chase-automation-uk-trades-accepted-jobs-2026,current canonical,article,Quote Chase Automation for UK Trades | Silverstone AI,"A practical UK guide to quote chase automation for uk trades, including workflow design, human handoff, implementation questions and safeguards.",Quote Chase Automation for UK Trades,Home › Insights › Article,BlogPosting | BreadcrumbList,https://silverstone-ai.com/blog/quote-chase-automation-uk-trades-accepted-jobs-2026,"index, follow",quote chase automation for uk trades,Revalidate cited figures and examples; remove unsupported claims before republishing
/blog/quote-follow-up-automation-uk-trades-2026,current canonical,article,Quote Follow-Up Automation for UK Trades | Silverstone AI,"A practical UK guide to quote follow-up automation for uk trades, including workflow design, human handoff, implementation questions and safeguards.",Quote Follow-Up Automation for UK Trades,Home › Insights › Article,BlogPosting | BreadcrumbList,https://silverstone-ai.com/blog/quote-follow-up-automation-uk-trades-2026,"index, follow",quote follow-up automation for uk trades,Revalidate cited figures and examples; remove unsupported claims before republishing
