source_route,source_type,destination_route,anchor_text,placement,purpose,priority,migration_phase,notes
/,global,/services,Services,header,Primary navigation,P0,Phase A,
/,global,/industries,Industries,header,Primary navigation,P0,Phase A,
/,global,/how-we-work,How we work,header,Primary navigation,P0,Phase A,
/,global,/blog,Insights,header,Primary navigation,P0,Phase A,
/,global,/about,About,header,Primary navigation,P0,Phase A,
/,global,/book,Book a discovery call,header,Primary navigation,P0,Phase A,
/about,global,/services,Services,header,Primary navigation,P0,Phase A,
/about,global,/industries,Industries,header,Primary navigation,P0,Phase A,
/about,global,/how-we-work,How we work,header,Primary navigation,P0,Phase A,
/about,global,/blog,Insights,header,Primary navigation,P0,Phase A,
/about,global,/about,About,header,Primary navigation,P0,Phase A,
/about,global,/book,Book a discovery call,header,Primary navigation,P0,Phase A,
/services,global,/services,Services,header,Primary navigation,P0,Phase A,
/services,global,/industries,Industries,header,Primary navigation,P0,Phase A,
/services,global,/how-we-work,How we work,header,Primary navigation,P0,Phase A,
/services,global,/blog,Insights,header,Primary navigation,P0,Phase A,
/services,global,/about,About,header,Primary navigation,P0,Phase A,
/services,global,/book,Book a discovery call,header,Primary navigation,P0,Phase A,
/pricing,global,/services,Services,header,Primary navigation,P0,Phase A,
/pricing,global,/industries,Industries,header,Primary navigation,P0,Phase A,
/pricing,global,/how-we-work,How we work,header,Primary navigation,P0,Phase A,
/pricing,global,/blog,Insights,header,Primary navigation,P0,Phase A,
/pricing,global,/about,About,header,Primary navigation,P0,Phase A,
/pricing,global,/book,Book a discovery call,header,Primary navigation,P0,Phase A,
/blog,global,/services,Services,header,Primary navigation,P0,Phase A,
/blog,global,/industries,Industries,header,Primary navigation,P0,Phase A,
/blog,global,/how-we-work,How we work,header,Primary navigation,P0,Phase A,
/blog,global,/blog,Insights,header,Primary navigation,P0,Phase A,
/blog,global,/about,About,header,Primary navigation,P0,Phase A,
/blog,global,/book,Book a discovery call,header,Primary navigation,P0,Phase A,
/book,global,/services,Services,header,Primary navigation,P0,Phase A,
/book,global,/industries,Industries,header,Primary navigation,P0,Phase A,
/book,global,/how-we-work,How we work,header,Primary navigation,P0,Phase A,
/book,global,/blog,Insights,header,Primary navigation,P0,Phase A,
/book,global,/about,About,header,Primary navigation,P0,Phase A,
/book,global,/book,Book a discovery call,header,Primary navigation,P0,Phase A,
/contact,global,/services,Services,header,Primary navigation,P0,Phase A,
/contact,global,/industries,Industries,header,Primary navigation,P0,Phase A,
/contact,global,/how-we-work,How we work,header,Primary navigation,P0,Phase A,
/contact,global,/blog,Insights,header,Primary navigation,P0,Phase A,
/contact,global,/about,About,header,Primary navigation,P0,Phase A,
/contact,global,/book,Book a discovery call,header,Primary navigation,P0,Phase A,
/privacy-policy,global,/services,Services,header,Primary navigation,P0,Phase A,
/privacy-policy,global,/industries,Industries,header,Primary navigation,P0,Phase A,
/privacy-policy,global,/how-we-work,How we work,header,Primary navigation,P0,Phase A,
/privacy-policy,global,/blog,Insights,header,Primary navigation,P0,Phase A,
/privacy-policy,global,/about,About,header,Primary navigation,P0,Phase A,
/privacy-policy,global,/book,Book a discovery call,header,Primary navigation,P0,Phase A,
/services/web-design-development,global,/services,Services,header,Primary navigation,P0,Phase A,
/services/web-design-development,global,/industries,Industries,header,Primary navigation,P0,Phase A,
/services/web-design-development,global,/how-we-work,How we work,header,Primary navigation,P0,Phase A,
/services/web-design-development,global,/blog,Insights,header,Primary navigation,P0,Phase A,
/services/web-design-development,global,/about,About,header,Primary navigation,P0,Phase A,
/services/web-design-development,global,/book,Book a discovery call,header,Primary navigation,P0,Phase A,
/services/app-development,global,/services,Services,header,Primary navigation,P0,Phase A,
/services/app-development,global,/industries,Industries,header,Primary navigation,P0,Phase A,
/services/app-development,global,/how-we-work,How we work,header,Primary navigation,P0,Phase A,
/services/app-development,global,/blog,Insights,header,Primary navigation,P0,Phase A,
/services/app-development,global,/about,About,header,Primary navigation,P0,Phase A,
/services/app-development,global,/book,Book a discovery call,header,Primary navigation,P0,Phase A,
/services/ai-voice-agents,global,/services,Services,header,Primary navigation,P0,Phase A,
/services/ai-voice-agents,global,/industries,Industries,header,Primary navigation,P0,Phase A,
/services/ai-voice-agents,global,/how-we-work,How we work,header,Primary navigation,P0,Phase A,
/services/ai-voice-agents,global,/blog,Insights,header,Primary navigation,P0,Phase A,
/services/ai-voice-agents,global,/about,About,header,Primary navigation,P0,Phase A,
/services/ai-voice-agents,global,/book,Book a discovery call,header,Primary navigation,P0,Phase A,
/services/ai-receptionists,global,/services,Services,header,Primary navigation,P0,Phase A,
/services/ai-receptionists,global,/industries,Industries,header,Primary navigation,P0,Phase A,
/services/ai-receptionists,global,/how-we-work,How we work,header,Primary navigation,P0,Phase A,
/services/ai-receptionists,global,/blog,Insights,header,Primary navigation,P0,Phase A,
/services/ai-receptionists,global,/about,About,header,Primary navigation,P0,Phase A,
/services/ai-receptionists,global,/book,Book a discovery call,header,Primary navigation,P0,Phase A,
/services/content-creation,global,/services,Services,header,Primary navigation,P0,Phase A,
/services/content-creation,global,/industries,Industries,header,Primary navigation,P0,Phase A,
/services/content-creation,global,/how-we-work,How we work,header,Primary navigation,P0,Phase A,
/services/content-creation,global,/blog,Insights,header,Primary navigation,P0,Phase A,
/services/content-creation,global,/about,About,header,Primary navigation,P0,Phase A,
/services/content-creation,global,/book,Book a discovery call,header,Primary navigation,P0,Phase A,
/services/ai-automation,global,/services,Services,header,Primary navigation,P0,Phase A,
/services/ai-automation,global,/industries,Industries,header,Primary navigation,P0,Phase A,
/services/ai-automation,global,/how-we-work,How we work,header,Primary navigation,P0,Phase A,
/services/ai-automation,global,/blog,Insights,header,Primary navigation,P0,Phase A,
/services/ai-automation,global,/about,About,header,Primary navigation,P0,Phase A,
/services/ai-automation,global,/book,Book a discovery call,header,Primary navigation,P0,Phase A,
/industries,global,/services,Services,header,Primary navigation,P0,Phase A,
/industries,global,/industries,Industries,header,Primary navigation,P0,Phase A,
/industries,global,/how-we-work,How we work,header,Primary navigation,P0,Phase A,
/industries,global,/blog,Insights,header,Primary navigation,P0,Phase A,
/industries,global,/about,About,header,Primary navigation,P0,Phase A,
/industries,global,/book,Book a discovery call,header,Primary navigation,P0,Phase A,
/services/estate-agents,global,/services,Services,header,Primary navigation,P0,Phase A,
/services/estate-agents,global,/industries,Industries,header,Primary navigation,P0,Phase A,
/services/estate-agents,global,/how-we-work,How we work,header,Primary navigation,P0,Phase A,
/services/estate-agents,global,/blog,Insights,header,Primary navigation,P0,Phase A,
/services/estate-agents,global,/about,About,header,Primary navigation,P0,Phase A,
/services/estate-agents,global,/book,Book a discovery call,header,Primary navigation,P0,Phase A,
/services/hospitality,global,/services,Services,header,Primary navigation,P0,Phase A,
/services/hospitality,global,/industries,Industries,header,Primary navigation,P0,Phase A,
/services/hospitality,global,/how-we-work,How we work,header,Primary navigation,P0,Phase A,
/services/hospitality,global,/blog,Insights,header,Primary navigation,P0,Phase A,
/services/hospitality,global,/about,About,header,Primary navigation,P0,Phase A,
/services/hospitality,global,/book,Book a discovery call,header,Primary navigation,P0,Phase A,
/services/salons-barbers,global,/services,Services,header,Primary navigation,P0,Phase A,
/services/salons-barbers,global,/industries,Industries,header,Primary navigation,P0,Phase A,
/services/salons-barbers,global,/how-we-work,How we work,header,Primary navigation,P0,Phase A,
/services/salons-barbers,global,/blog,Insights,header,Primary navigation,P0,Phase A,
/services/salons-barbers,global,/about,About,header,Primary navigation,P0,Phase A,
/services/salons-barbers,global,/book,Book a discovery call,header,Primary navigation,P0,Phase A,
/services/trades,global,/services,Services,header,Primary navigation,P0,Phase A,
/services/trades,global,/industries,Industries,header,Primary navigation,P0,Phase A,
/services/trades,global,/how-we-work,How we work,header,Primary navigation,P0,Phase A,
/services/trades,global,/blog,Insights,header,Primary navigation,P0,Phase A,
/services/trades,global,/about,About,header,Primary navigation,P0,Phase A,
/services/trades,global,/book,Book a discovery call,header,Primary navigation,P0,Phase A,
/services/ecommerce,global,/services,Services,header,Primary navigation,P0,Phase A,
/services/ecommerce,global,/industries,Industries,header,Primary navigation,P0,Phase A,
/services/ecommerce,global,/how-we-work,How we work,header,Primary navigation,P0,Phase A,
/services/ecommerce,global,/blog,Insights,header,Primary navigation,P0,Phase A,
/services/ecommerce,global,/about,About,header,Primary navigation,P0,Phase A,
/services/ecommerce,global,/book,Book a discovery call,header,Primary navigation,P0,Phase A,
/services/physios-chiropractors,global,/services,Services,header,Primary navigation,P0,Phase A,
/services/physios-chiropractors,global,/industries,Industries,header,Primary navigation,P0,Phase A,
/services/physios-chiropractors,global,/how-we-work,How we work,header,Primary navigation,P0,Phase A,
/services/physios-chiropractors,global,/blog,Insights,header,Primary navigation,P0,Phase A,
/services/physios-chiropractors,global,/about,About,header,Primary navigation,P0,Phase A,
/services/physios-chiropractors,global,/book,Book a discovery call,header,Primary navigation,P0,Phase A,
/services/dentists,global,/services,Services,header,Primary navigation,P0,Phase A,
/services/dentists,global,/industries,Industries,header,Primary navigation,P0,Phase A,
/services/dentists,global,/how-we-work,How we work,header,Primary navigation,P0,Phase A,
/services/dentists,global,/blog,Insights,header,Primary navigation,P0,Phase A,
/services/dentists,global,/about,About,header,Primary navigation,P0,Phase A,
/services/dentists,global,/book,Book a discovery call,header,Primary navigation,P0,Phase A,
/services/gyms-fitness-studios,global,/services,Services,header,Primary navigation,P0,Phase A,
/services/gyms-fitness-studios,global,/industries,Industries,header,Primary navigation,P0,Phase A,
/services/gyms-fitness-studios,global,/how-we-work,How we work,header,Primary navigation,P0,Phase A,
/services/gyms-fitness-studios,global,/blog,Insights,header,Primary navigation,P0,Phase A,
/services/gyms-fitness-studios,global,/about,About,header,Primary navigation,P0,Phase A,
/services/gyms-fitness-studios,global,/book,Book a discovery call,header,Primary navigation,P0,Phase A,
/services/fitness-coaches,global,/services,Services,header,Primary navigation,P0,Phase A,
/services/fitness-coaches,global,/industries,Industries,header,Primary navigation,P0,Phase A,
/services/fitness-coaches,global,/how-we-work,How we work,header,Primary navigation,P0,Phase A,
/services/fitness-coaches,global,/blog,Insights,header,Primary navigation,P0,Phase A,
/services/fitness-coaches,global,/about,About,header,Primary navigation,P0,Phase A,
/services/fitness-coaches,global,/book,Book a discovery call,header,Primary navigation,P0,Phase A,
/,home,/services/web-design-development,Web Design & Development,service cards,Commercial discovery,P0,Phase A,
/,home,/services/app-development,Custom App Development,service cards,Commercial discovery,P0,Phase A,
/,home,/services/ai-voice-agents,AI Voice Agents,service cards,Commercial discovery,P0,Phase A,
/,home,/services/ai-receptionists,AI Receptionists,service cards,Commercial discovery,P0,Phase A,
/,home,/services/content-creation,Content Creation & Repurposing,service cards,Commercial discovery,P0,Phase A,
/,home,/services/ai-automation,AI Automation & Agent Workflows,service cards,Commercial discovery,P0,Phase A,
/,home,/services/estate-agents,Estate Agents,industry cards,Industry discovery,P0,Phase A,Use current canonical in Phase A
/,home,/services/hospitality,Hospitality,industry cards,Industry discovery,P0,Phase A,Use current canonical in Phase A
/,home,/services/salons-barbers,Salons & Barbers,industry cards,Industry discovery,P0,Phase A,Use current canonical in Phase A
/,home,/services/trades,Trades & Home Services,industry cards,Industry discovery,P0,Phase A,Use current canonical in Phase A
/,home,/services/ecommerce,eCommerce Brands,industry cards,Industry discovery,P0,Phase A,Use current canonical in Phase A
/,home,/services/physios-chiropractors,Physio & Chiropractic Clinics,industry cards,Industry discovery,P0,Phase A,Use current canonical in Phase A
/,home,/services/dentists,Dental Practices,industry cards,Industry discovery,P0,Phase A,Use current canonical in Phase A
/,home,/services/gyms-fitness-studios,Gyms & Fitness Studios,industry cards,Industry discovery,P0,Phase A,Use current canonical in Phase A
/,home,/services/fitness-coaches,Fitness Coaches,industry cards,Industry discovery,P0,Phase A,Use current canonical in Phase A
/services/web-design-development,service,/services/estate-agents,Estate Agents,related industries,Contextual relevance,P1,Phase A,Switch to proposed industry route only in Phase B
/services/web-design-development,service,/services/hospitality,Hospitality,related industries,Contextual relevance,P1,Phase A,Switch to proposed industry route only in Phase B
/services/web-design-development,service,/services/salons-barbers,Salons & Barbers,related industries,Contextual relevance,P1,Phase A,Switch to proposed industry route only in Phase B
/services/web-design-development,service,/services/trades,Trades & Home Services,related industries,Contextual relevance,P1,Phase A,Switch to proposed industry route only in Phase B
/services/web-design-development,service,/services/ecommerce,eCommerce Brands,related industries,Contextual relevance,P1,Phase A,Switch to proposed industry route only in Phase B
/services/web-design-development,service,/services/physios-chiropractors,Physio & Chiropractic Clinics,related industries,Contextual relevance,P1,Phase A,Switch to proposed industry route only in Phase B
/services/web-design-development,service,/services/content-creation,Content Creation & Repurposing,related services,Service cross-navigation,P2,Phase A,
/services/web-design-development,service,/services/ai-receptionists,AI Receptionists,related services,Service cross-navigation,P2,Phase A,
/services/web-design-development,service,/services/ai-automation,AI Automation & Agent Workflows,related services,Service cross-navigation,P2,Phase A,
/services/app-development,service,/services/estate-agents,Estate Agents,related industries,Contextual relevance,P1,Phase A,Switch to proposed industry route only in Phase B
/services/app-development,service,/services/hospitality,Hospitality,related industries,Contextual relevance,P1,Phase A,Switch to proposed industry route only in Phase B
/services/app-development,service,/services/ecommerce,eCommerce Brands,related industries,Contextual relevance,P1,Phase A,Switch to proposed industry route only in Phase B
/services/app-development,service,/services/physios-chiropractors,Physio & Chiropractic Clinics,related industries,Contextual relevance,P1,Phase A,Switch to proposed industry route only in Phase B
/services/app-development,service,/services/dentists,Dental Practices,related industries,Contextual relevance,P1,Phase A,Switch to proposed industry route only in Phase B
/services/app-development,service,/services/gyms-fitness-studios,Gyms & Fitness Studios,related industries,Contextual relevance,P1,Phase A,Switch to proposed industry route only in Phase B
/services/app-development,service,/services/web-design-development,Web Design & Development,related services,Service cross-navigation,P2,Phase A,
/services/app-development,service,/services/ai-automation,AI Automation & Agent Workflows,related services,Service cross-navigation,P2,Phase A,
/services/app-development,service,/services/ai-receptionists,AI Receptionists,related services,Service cross-navigation,P2,Phase A,
/services/ai-voice-agents,service,/services/estate-agents,Estate Agents,related industries,Contextual relevance,P1,Phase A,Switch to proposed industry route only in Phase B
/services/ai-voice-agents,service,/services/hospitality,Hospitality,related industries,Contextual relevance,P1,Phase A,Switch to proposed industry route only in Phase B
/services/ai-voice-agents,service,/services/trades,Trades & Home Services,related industries,Contextual relevance,P1,Phase A,Switch to proposed industry route only in Phase B
/services/ai-voice-agents,service,/services/physios-chiropractors,Physio & Chiropractic Clinics,related industries,Contextual relevance,P1,Phase A,Switch to proposed industry route only in Phase B
/services/ai-voice-agents,service,/services/dentists,Dental Practices,related industries,Contextual relevance,P1,Phase A,Switch to proposed industry route only in Phase B
/services/ai-voice-agents,service,/services/gyms-fitness-studios,Gyms & Fitness Studios,related industries,Contextual relevance,P1,Phase A,Switch to proposed industry route only in Phase B
/services/ai-voice-agents,service,/services/ai-receptionists,AI Receptionists,related services,Service cross-navigation,P2,Phase A,
/services/ai-voice-agents,service,/services/ai-automation,AI Automation & Agent Workflows,related services,Service cross-navigation,P2,Phase A,
/services/ai-receptionists,service,/services/estate-agents,Estate Agents,related industries,Contextual relevance,P1,Phase A,Switch to proposed industry route only in Phase B
/services/ai-receptionists,service,/services/hospitality,Hospitality,related industries,Contextual relevance,P1,Phase A,Switch to proposed industry route only in Phase B
/services/ai-receptionists,service,/services/salons-barbers,Salons & Barbers,related industries,Contextual relevance,P1,Phase A,Switch to proposed industry route only in Phase B
/services/ai-receptionists,service,/services/trades,Trades & Home Services,related industries,Contextual relevance,P1,Phase A,Switch to proposed industry route only in Phase B
/services/ai-receptionists,service,/services/ecommerce,eCommerce Brands,related industries,Contextual relevance,P1,Phase A,Switch to proposed industry route only in Phase B
/services/ai-receptionists,service,/services/physios-chiropractors,Physio & Chiropractic Clinics,related industries,Contextual relevance,P1,Phase A,Switch to proposed industry route only in Phase B
/services/ai-receptionists,service,/services/ai-voice-agents,AI Voice Agents,related services,Service cross-navigation,P2,Phase A,
/services/ai-receptionists,service,/services/ai-automation,AI Automation & Agent Workflows,related services,Service cross-navigation,P2,Phase A,
/services/ai-receptionists,service,/services/web-design-development,Web Design & Development,related services,Service cross-navigation,P2,Phase A,
/services/content-creation,service,/services/estate-agents,Estate Agents,related industries,Contextual relevance,P1,Phase A,Switch to proposed industry route only in Phase B
/services/content-creation,service,/services/hospitality,Hospitality,related industries,Contextual relevance,P1,Phase A,Switch to proposed industry route only in Phase B
/services/content-creation,service,/services/salons-barbers,Salons & Barbers,related industries,Contextual relevance,P1,Phase A,Switch to proposed industry route only in Phase B
/services/content-creation,service,/services/trades,Trades & Home Services,related industries,Contextual relevance,P1,Phase A,Switch to proposed industry route only in Phase B
/services/content-creation,service,/services/ecommerce,eCommerce Brands,related industries,Contextual relevance,P1,Phase A,Switch to proposed industry route only in Phase B
/services/content-creation,service,/services/physios-chiropractors,Physio & Chiropractic Clinics,related industries,Contextual relevance,P1,Phase A,Switch to proposed industry route only in Phase B
/services/content-creation,service,/services/web-design-development,Web Design & Development,related services,Service cross-navigation,P2,Phase A,
/services/content-creation,service,/services/ai-automation,AI Automation & Agent Workflows,related services,Service cross-navigation,P2,Phase A,
/services/ai-automation,service,/services/estate-agents,Estate Agents,related industries,Contextual relevance,P1,Phase A,Switch to proposed industry route only in Phase B
/services/ai-automation,service,/services/hospitality,Hospitality,related industries,Contextual relevance,P1,Phase A,Switch to proposed industry route only in Phase B
/services/ai-automation,service,/services/salons-barbers,Salons & Barbers,related industries,Contextual relevance,P1,Phase A,Switch to proposed industry route only in Phase B
/services/ai-automation,service,/services/trades,Trades & Home Services,related industries,Contextual relevance,P1,Phase A,Switch to proposed industry route only in Phase B
/services/ai-automation,service,/services/ecommerce,eCommerce Brands,related industries,Contextual relevance,P1,Phase A,Switch to proposed industry route only in Phase B
/services/ai-automation,service,/services/physios-chiropractors,Physio & Chiropractic Clinics,related industries,Contextual relevance,P1,Phase A,Switch to proposed industry route only in Phase B
/services/ai-automation,service,/services/ai-receptionists,AI Receptionists,related services,Service cross-navigation,P2,Phase A,
/services/ai-automation,service,/services/ai-voice-agents,AI Voice Agents,related services,Service cross-navigation,P2,Phase A,
/services/ai-automation,service,/services/app-development,Custom App Development,related services,Service cross-navigation,P2,Phase A,
/services/estate-agents,industry,/services/ai-receptionists,AI Receptionists,relevant services,Commercial path,P0,Phase A,
/services/estate-agents,industry,/services/ai-voice-agents,AI Voice Agents,relevant services,Commercial path,P0,Phase A,
/services/estate-agents,industry,/services/ai-automation,AI Automation & Agent Workflows,relevant services,Commercial path,P0,Phase A,
/services/estate-agents,industry,/services/web-design-development,Web Design & Development,relevant services,Commercial path,P0,Phase A,
/services/estate-agents,industry,/blog/ai-lead-qualification-estate-agents-2026,Ai Lead Qualification Estate Agents 2026,related insights,Educational support,P1,Phase A,
/blog/ai-lead-qualification-estate-agents-2026,article,/services/estate-agents,Estate Agents services,article body or end card,Industry parent,P0,Phase A,
/blog/ai-lead-qualification-estate-agents-2026,article,/services/ai-receptionists,AI Receptionists,article body or CTA,Service conversion,P0,Phase A,
/services/estate-agents,industry,/blog/ai-viewing-feedback-estate-agents-uk,Ai Viewing Feedback Estate Agents Uk,related insights,Educational support,P1,Phase A,
/blog/ai-viewing-feedback-estate-agents-uk,article,/services/estate-agents,Estate Agents services,article body or end card,Industry parent,P0,Phase A,
/blog/ai-viewing-feedback-estate-agents-uk,article,/services/ai-receptionists,AI Receptionists,article body or CTA,Service conversion,P0,Phase A,
/services/estate-agents,industry,/blog/estate-agent-viewing-confirmations-uk,Estate Agent Viewing Confirmations Uk,related insights,Educational support,P1,Phase A,
/blog/estate-agent-viewing-confirmations-uk,article,/services/estate-agents,Estate Agents services,article body or end card,Industry parent,P0,Phase A,
/blog/estate-agent-viewing-confirmations-uk,article,/services/ai-receptionists,AI Receptionists,article body or CTA,Service conversion,P0,Phase A,
/services/hospitality,industry,/services/ai-receptionists,AI Receptionists,relevant services,Commercial path,P0,Phase A,
/services/hospitality,industry,/services/ai-voice-agents,AI Voice Agents,relevant services,Commercial path,P0,Phase A,
/services/hospitality,industry,/services/web-design-development,Web Design & Development,relevant services,Commercial path,P0,Phase A,
/services/hospitality,industry,/services/content-creation,Content Creation & Repurposing,relevant services,Commercial path,P0,Phase A,
/services/hospitality,industry,/blog/ai-booking-automation-uk-hospitality-2026,Ai Booking Automation Uk Hospitality 2026,related insights,Educational support,P1,Phase A,
/blog/ai-booking-automation-uk-hospitality-2026,article,/services/hospitality,Hospitality services,article body or end card,Industry parent,P0,Phase A,
/blog/ai-booking-automation-uk-hospitality-2026,article,/services/ai-receptionists,AI Receptionists,article body or CTA,Service conversion,P0,Phase A,
/services/hospitality,industry,/blog/ai-guest-concierge-hotels-bbs-uk,Ai Guest Concierge Hotels Bbs Uk,related insights,Educational support,P1,Phase A,
/blog/ai-guest-concierge-hotels-bbs-uk,article,/services/hospitality,Hospitality services,article body or end card,Industry parent,P0,Phase A,
/blog/ai-guest-concierge-hotels-bbs-uk,article,/services/ai-receptionists,AI Receptionists,article body or CTA,Service conversion,P0,Phase A,
/services/salons-barbers,industry,/services/ai-receptionists,AI Receptionists,relevant services,Commercial path,P0,Phase A,
/services/salons-barbers,industry,/services/ai-automation,AI Automation & Agent Workflows,relevant services,Commercial path,P0,Phase A,
/services/salons-barbers,industry,/services/web-design-development,Web Design & Development,relevant services,Commercial path,P0,Phase A,
/services/salons-barbers,industry,/services/content-creation,Content Creation & Repurposing,relevant services,Commercial path,P0,Phase A,
/services/salons-barbers,industry,/blog/ai-no-show-reduction-uk-salons-barbers,Ai No Show Reduction Uk Salons Barbers,related insights,Educational support,P1,Phase A,
/blog/ai-no-show-reduction-uk-salons-barbers,article,/services/salons-barbers,Salons & Barbers services,article body or end card,Industry parent,P0,Phase A,
/blog/ai-no-show-reduction-uk-salons-barbers,article,/services/ai-receptionists,AI Receptionists,article body or CTA,Service conversion,P0,Phase A,
/services/salons-barbers,industry,/blog/ai-rebooking-journeys-salons-uk,Ai Rebooking Journeys Salons Uk,related insights,Educational support,P1,Phase A,
/blog/ai-rebooking-journeys-salons-uk,article,/services/salons-barbers,Salons & Barbers services,article body or end card,Industry parent,P0,Phase A,
/blog/ai-rebooking-journeys-salons-uk,article,/services/ai-receptionists,AI Receptionists,article body or CTA,Service conversion,P0,Phase A,
/services/trades,industry,/services/ai-voice-agents,AI Voice Agents,relevant services,Commercial path,P0,Phase A,
/services/trades,industry,/services/ai-receptionists,AI Receptionists,relevant services,Commercial path,P0,Phase A,
/services/trades,industry,/services/ai-automation,AI Automation & Agent Workflows,relevant services,Commercial path,P0,Phase A,
/services/trades,industry,/services/web-design-development,Web Design & Development,relevant services,Commercial path,P0,Phase A,
/services/trades,industry,/blog/ai-call-answering-trades-uk,Ai Call Answering Trades Uk,related insights,Educational support,P1,Phase A,
/blog/ai-call-answering-trades-uk,article,/services/trades,Trades & Home Services services,article body or end card,Industry parent,P0,Phase A,
/blog/ai-call-answering-trades-uk,article,/services/ai-voice-agents,AI Voice Agents,article body or CTA,Service conversion,P0,Phase A,
/services/trades,industry,/blog/ai-etas-smart-scheduling-uk-trades-2026,Ai Etas Smart Scheduling Uk Trades 2026,related insights,Educational support,P1,Phase A,
/blog/ai-etas-smart-scheduling-uk-trades-2026,article,/services/trades,Trades & Home Services services,article body or end card,Industry parent,P0,Phase A,
/blog/ai-etas-smart-scheduling-uk-trades-2026,article,/services/ai-voice-agents,AI Voice Agents,article body or CTA,Service conversion,P0,Phase A,
/services/trades,industry,/blog/ai-lead-capture-trades-uk-2026,Ai Lead Capture Trades Uk 2026,related insights,Educational support,P1,Phase A,
/blog/ai-lead-capture-trades-uk-2026,article,/services/trades,Trades & Home Services services,article body or end card,Industry parent,P0,Phase A,
/blog/ai-lead-capture-trades-uk-2026,article,/services/ai-voice-agents,AI Voice Agents,article body or CTA,Service conversion,P0,Phase A,
/services/trades,industry,/blog/ai-lead-capture-uk-trades-2026,Ai Lead Capture Uk Trades 2026,related insights,Educational support,P1,Phase A,
/blog/ai-lead-capture-uk-trades-2026,article,/services/trades,Trades & Home Services services,article body or end card,Industry parent,P0,Phase A,
/blog/ai-lead-capture-uk-trades-2026,article,/services/ai-voice-agents,AI Voice Agents,article body or CTA,Service conversion,P0,Phase A,
/services/trades,industry,/blog/ai-quote-follow-up-trades,Ai Quote Follow Up Trades,related insights,Educational support,P1,Phase A,
/blog/ai-quote-follow-up-trades,article,/services/trades,Trades & Home Services services,article body or end card,Industry parent,P0,Phase A,
/blog/ai-quote-follow-up-trades,article,/services/ai-voice-agents,AI Voice Agents,article body or CTA,Service conversion,P0,Phase A,
/services/trades,industry,/blog/quote-chase-automation-uk-trades-accepted-jobs-2026,Quote Chase Automation Uk Trades Accepted Jobs 2026,related insights,Educational support,P1,Phase A,
/blog/quote-chase-automation-uk-trades-accepted-jobs-2026,article,/services/trades,Trades & Home Services services,article body or end card,Industry parent,P0,Phase A,
/blog/quote-chase-automation-uk-trades-accepted-jobs-2026,article,/services/ai-voice-agents,AI Voice Agents,article body or CTA,Service conversion,P0,Phase A,
/services/trades,industry,/blog/quote-follow-up-automation-uk-trades-2026,Quote Follow Up Automation Uk Trades 2026,related insights,Educational support,P1,Phase A,
/blog/quote-follow-up-automation-uk-trades-2026,article,/services/trades,Trades & Home Services services,article body or end card,Industry parent,P0,Phase A,
/blog/quote-follow-up-automation-uk-trades-2026,article,/services/ai-voice-agents,AI Voice Agents,article body or CTA,Service conversion,P0,Phase A,
/services/ecommerce,industry,/services/ai-automation,AI Automation & Agent Workflows,relevant services,Commercial path,P0,Phase A,
/services/ecommerce,industry,/services/ai-receptionists,AI Receptionists,relevant services,Commercial path,P0,Phase A,
/services/ecommerce,industry,/services/app-development,Custom App Development,relevant services,Commercial path,P0,Phase A,
/services/ecommerce,industry,/services/content-creation,Content Creation & Repurposing,relevant services,Commercial path,P0,Phase A,
/services/ecommerce,industry,/blog/ai-returns-triage-ecommerce-uk,Ai Returns Triage Ecommerce Uk,related insights,Educational support,P1,Phase A,
/blog/ai-returns-triage-ecommerce-uk,article,/services/ecommerce,eCommerce Brands services,article body or end card,Industry parent,P0,Phase A,
/blog/ai-returns-triage-ecommerce-uk,article,/services/ai-automation,AI Automation & Agent Workflows,article body or CTA,Service conversion,P0,Phase A,
/services/ecommerce,industry,/blog/post-purchase-automation-uk-ecommerce-repeat-customers,Post Purchase Automation Uk Ecommerce Repeat Customers,related insights,Educational support,P1,Phase A,
/blog/post-purchase-automation-uk-ecommerce-repeat-customers,article,/services/ecommerce,eCommerce Brands services,article body or end card,Industry parent,P0,Phase A,
/blog/post-purchase-automation-uk-ecommerce-repeat-customers,article,/services/ai-automation,AI Automation & Agent Workflows,article body or CTA,Service conversion,P0,Phase A,
/services/physios-chiropractors,industry,/services/ai-receptionists,AI Receptionists,relevant services,Commercial path,P0,Phase A,
/services/physios-chiropractors,industry,/services/ai-automation,AI Automation & Agent Workflows,relevant services,Commercial path,P0,Phase A,
/services/physios-chiropractors,industry,/services/app-development,Custom App Development,relevant services,Commercial path,P0,Phase A,
/services/physios-chiropractors,industry,/services/web-design-development,Web Design & Development,relevant services,Commercial path,P0,Phase A,
/services/physios-chiropractors,industry,/blog/ai-automations-physio-chiro-clinics-uk,Ai Automations Physio Chiro Clinics Uk,related insights,Educational support,P1,Phase A,
/blog/ai-automations-physio-chiro-clinics-uk,article,/services/physios-chiropractors,Physio & Chiropractic Clinics services,article body or end card,Industry parent,P0,Phase A,
/blog/ai-automations-physio-chiro-clinics-uk,article,/services/ai-receptionists,AI Receptionists,article body or CTA,Service conversion,P0,Phase A,
/services/physios-chiropractors,industry,/blog/clinic-rebooking-physio-chiro-uk,Clinic Rebooking Physio Chiro Uk,related insights,Educational support,P1,Phase A,
/blog/clinic-rebooking-physio-chiro-uk,article,/services/physios-chiropractors,Physio & Chiropractic Clinics services,article body or end card,Industry parent,P0,Phase A,
/blog/clinic-rebooking-physio-chiro-uk,article,/services/ai-receptionists,AI Receptionists,article body or CTA,Service conversion,P0,Phase A,
/services/physios-chiropractors,industry,/blog/ai-appointment-reminders-uk-2026,Ai Appointment Reminders Uk 2026,related insights,Educational support,P1,Phase A,
/blog/ai-appointment-reminders-uk-2026,article,/services/physios-chiropractors,Physio & Chiropractic Clinics services,article body or end card,Industry parent,P0,Phase A,
/blog/ai-appointment-reminders-uk-2026,article,/services/ai-receptionists,AI Receptionists,article body or CTA,Service conversion,P0,Phase A,
/services/dentists,industry,/services/ai-receptionists,AI Receptionists,relevant services,Commercial path,P0,Phase A,
/services/dentists,industry,/services/ai-voice-agents,AI Voice Agents,relevant services,Commercial path,P0,Phase A,
/services/dentists,industry,/services/ai-automation,AI Automation & Agent Workflows,relevant services,Commercial path,P0,Phase A,
/services/dentists,industry,/services/app-development,Custom App Development,relevant services,Commercial path,P0,Phase A,
/services/dentists,industry,/blog/ai-missed-call-recovery-dentists-uk,Ai Missed Call Recovery Dentists Uk,related insights,Educational support,P1,Phase A,
/blog/ai-missed-call-recovery-dentists-uk,article,/services/dentists,Dental Practices services,article body or end card,Industry parent,P0,Phase A,
/blog/ai-missed-call-recovery-dentists-uk,article,/services/ai-receptionists,AI Receptionists,article body or CTA,Service conversion,P0,Phase A,
/services/dentists,industry,/blog/dental-intake-e-consent-automation-uk,Dental Intake E Consent Automation Uk,related insights,Educational support,P1,Phase A,
/blog/dental-intake-e-consent-automation-uk,article,/services/dentists,Dental Practices services,article body or end card,Industry parent,P0,Phase A,
/blog/dental-intake-e-consent-automation-uk,article,/services/ai-receptionists,AI Receptionists,article body or CTA,Service conversion,P0,Phase A,
/services/dentists,industry,/blog/dental-recall-automation-uk-2026,Dental Recall Automation Uk 2026,related insights,Educational support,P1,Phase A,
/blog/dental-recall-automation-uk-2026,article,/services/dentists,Dental Practices services,article body or end card,Industry parent,P0,Phase A,
/blog/dental-recall-automation-uk-2026,article,/services/ai-receptionists,AI Receptionists,article body or CTA,Service conversion,P0,Phase A,
/services/gyms-fitness-studios,industry,/services/ai-receptionists,AI Receptionists,relevant services,Commercial path,P0,Phase A,
/services/gyms-fitness-studios,industry,/services/ai-automation,AI Automation & Agent Workflows,relevant services,Commercial path,P0,Phase A,
/services/gyms-fitness-studios,industry,/services/content-creation,Content Creation & Repurposing,relevant services,Commercial path,P0,Phase A,
/services/gyms-fitness-studios,industry,/services/app-development,Custom App Development,relevant services,Commercial path,P0,Phase A,
/services/gyms-fitness-studios,industry,/blog/ai-win-back-journeys-gyms-uk,Ai Win Back Journeys Gyms Uk,related insights,Educational support,P1,Phase A,
/blog/ai-win-back-journeys-gyms-uk,article,/services/gyms-fitness-studios,Gyms & Fitness Studios services,article body or end card,Industry parent,P0,Phase A,
/blog/ai-win-back-journeys-gyms-uk,article,/services/ai-receptionists,AI Receptionists,article body or CTA,Service conversion,P0,Phase A,
/services/gyms-fitness-studios,industry,/blog/gym-booking-automation-uk-gyms-studios-2026,Gym Booking Automation Uk Gyms Studios 2026,related insights,Educational support,P1,Phase A,
/blog/gym-booking-automation-uk-gyms-studios-2026,article,/services/gyms-fitness-studios,Gyms & Fitness Studios services,article body or end card,Industry parent,P0,Phase A,
/blog/gym-booking-automation-uk-gyms-studios-2026,article,/services/ai-receptionists,AI Receptionists,article body or CTA,Service conversion,P0,Phase A,
/services/fitness-coaches,industry,/services/ai-receptionists,AI Receptionists,relevant services,Commercial path,P0,Phase A,
/services/fitness-coaches,industry,/services/ai-automation,AI Automation & Agent Workflows,relevant services,Commercial path,P0,Phase A,
/services/fitness-coaches,industry,/services/content-creation,Content Creation & Repurposing,relevant services,Commercial path,P0,Phase A,
/services/fitness-coaches,industry,/services/web-design-development,Web Design & Development,relevant services,Commercial path,P0,Phase A,
/services/fitness-coaches,industry,/blog/ai-lead-scoring-fitness-coaches-uk,Ai Lead Scoring Fitness Coaches Uk,related insights,Educational support,P1,Phase A,
/blog/ai-lead-scoring-fitness-coaches-uk,article,/services/fitness-coaches,Fitness Coaches services,article body or end card,Industry parent,P0,Phase A,
/blog/ai-lead-scoring-fitness-coaches-uk,article,/services/ai-receptionists,AI Receptionists,article body or CTA,Service conversion,P0,Phase A,
/services/fitness-coaches,industry,/blog/dm-to-client-automation-uk-fitness-coaches-2026,Dm To Client Automation Uk Fitness Coaches 2026,related insights,Educational support,P1,Phase A,
/blog/dm-to-client-automation-uk-fitness-coaches-2026,article,/services/fitness-coaches,Fitness Coaches services,article body or end card,Industry parent,P0,Phase A,
/blog/dm-to-client-automation-uk-fitness-coaches-2026,article,/services/ai-receptionists,AI Receptionists,article body or CTA,Service conversion,P0,Phase A,
/blog/ai-automation-failures-uk-smes-2026,article,/services/ai-automation,AI Automation & Agent Workflows,article CTA,Service conversion,P0,Phase A,
/blog/ai-automation-failures-uk-smes-2026,article,/blog,More practical guides,breadcrumb or footer,Hub return,P1,Phase A,
/blog/ai-automation-uk-gdpr-2026-sme-guide,article,/services/ai-automation,AI Automation & Agent Workflows,article CTA,Service conversion,P0,Phase A,
/blog/ai-automation-uk-gdpr-2026-sme-guide,article,/blog,More practical guides,breadcrumb or footer,Hub return,P1,Phase A,
/blog/ai-document-automation-uk-smes-2026,article,/services/ai-automation,AI Automation & Agent Workflows,article CTA,Service conversion,P0,Phase A,
/blog/ai-document-automation-uk-smes-2026,article,/blog,More practical guides,breadcrumb or footer,Hub return,P1,Phase A,
/blog/ai-receptionist-small-business-2026,article,/services/ai-receptionists,AI Receptionists,article CTA,Service conversion,P0,Phase A,
/blog/ai-receptionist-small-business-2026,article,/blog,More practical guides,breadcrumb or footer,Hub return,P1,Phase A,
/blog/ai-receptionist-uk-costs-roi-2026,article,/services/ai-receptionists,AI Receptionists,article CTA,Service conversion,P0,Phase A,
/blog/ai-receptionist-uk-costs-roi-2026,article,/blog,More practical guides,breadcrumb or footer,Hub return,P1,Phase A,
/blog/ai-voice-agents-uk-smes-2026,article,/services/ai-voice-agents,AI Voice Agents,article CTA,Service conversion,P0,Phase A,
/blog/ai-voice-agents-uk-smes-2026,article,/blog,More practical guides,breadcrumb or footer,Hub return,P1,Phase A,
/blog/ai-website-tools-uk-small-businesses-2026,article,/services/web-design-development,Web Design & Development,article CTA,Service conversion,P0,Phase A,
/blog/ai-website-tools-uk-small-businesses-2026,article,/blog,More practical guides,breadcrumb or footer,Hub return,P1,Phase A,
/blog/ai-appointment-reminders-uk-2026,current route,/book,Book a discovery call,contextual CTA or footer,Primary conversion,P0,Phase A,
/blog/ai-automation-failures-uk-smes-2026,current route,/book,Book a discovery call,contextual CTA or footer,Primary conversion,P0,Phase A,
/blog/ai-automation-uk-gdpr-2026-sme-guide,current route,/book,Book a discovery call,contextual CTA or footer,Primary conversion,P0,Phase A,
/blog/ai-automations-physio-chiro-clinics-uk,current route,/book,Book a discovery call,contextual CTA or footer,Primary conversion,P0,Phase A,
/blog/ai-booking-automation-uk-hospitality-2026,current route,/book,Book a discovery call,contextual CTA or footer,Primary conversion,P0,Phase A,
/blog/ai-call-answering-trades-uk,current route,/book,Book a discovery call,contextual CTA or footer,Primary conversion,P0,Phase A,
/blog/ai-document-automation-uk-smes-2026,current route,/book,Book a discovery call,contextual CTA or footer,Primary conversion,P0,Phase A,
/blog/ai-etas-smart-scheduling-uk-trades-2026,current route,/book,Book a discovery call,contextual CTA or footer,Primary conversion,P0,Phase A,
/blog/ai-guest-concierge-hotels-bbs-uk,current route,/book,Book a discovery call,contextual CTA or footer,Primary conversion,P0,Phase A,
/blog/ai-lead-capture-trades-uk-2026,current route,/book,Book a discovery call,contextual CTA or footer,Primary conversion,P0,Phase A,
/blog/ai-lead-capture-uk-trades-2026,current route,/book,Book a discovery call,contextual CTA or footer,Primary conversion,P0,Phase A,
/blog/ai-lead-qualification-estate-agents-2026,current route,/book,Book a discovery call,contextual CTA or footer,Primary conversion,P0,Phase A,
/blog/ai-lead-scoring-fitness-coaches-uk,current route,/book,Book a discovery call,contextual CTA or footer,Primary conversion,P0,Phase A,
/blog/ai-missed-call-recovery-dentists-uk,current route,/book,Book a discovery call,contextual CTA or footer,Primary conversion,P0,Phase A,
/blog/ai-no-show-reduction-uk-salons-barbers,current route,/book,Book a discovery call,contextual CTA or footer,Primary conversion,P0,Phase A,
/blog/ai-quote-follow-up-trades,current route,/book,Book a discovery call,contextual CTA or footer,Primary conversion,P0,Phase A,
/blog/ai-rebooking-journeys-salons-uk,current route,/book,Book a discovery call,contextual CTA or footer,Primary conversion,P0,Phase A,
/blog/ai-receptionist-small-business-2026,current route,/book,Book a discovery call,contextual CTA or footer,Primary conversion,P0,Phase A,
/blog/ai-receptionist-uk-costs-roi-2026,current route,/book,Book a discovery call,contextual CTA or footer,Primary conversion,P0,Phase A,
/blog/ai-returns-triage-ecommerce-uk,current route,/book,Book a discovery call,contextual CTA or footer,Primary conversion,P0,Phase A,
/blog/ai-viewing-feedback-estate-agents-uk,current route,/book,Book a discovery call,contextual CTA or footer,Primary conversion,P0,Phase A,
/blog/ai-voice-agents-uk-smes-2026,current route,/book,Book a discovery call,contextual CTA or footer,Primary conversion,P0,Phase A,
/blog/ai-website-tools-uk-small-businesses-2026,current route,/book,Book a discovery call,contextual CTA or footer,Primary conversion,P0,Phase A,
/blog/ai-win-back-journeys-gyms-uk,current route,/book,Book a discovery call,contextual CTA or footer,Primary conversion,P0,Phase A,
/blog/clinic-rebooking-physio-chiro-uk,current route,/book,Book a discovery call,contextual CTA or footer,Primary conversion,P0,Phase A,
/blog/dental-intake-e-consent-automation-uk,current route,/book,Book a discovery call,contextual CTA or footer,Primary conversion,P0,Phase A,
/blog/dental-recall-automation-uk-2026,current route,/book,Book a discovery call,contextual CTA or footer,Primary conversion,P0,Phase A,
/blog/dm-to-client-automation-uk-fitness-coaches-2026,current route,/book,Book a discovery call,contextual CTA or footer,Primary conversion,P0,Phase A,
/blog/estate-agent-viewing-confirmations-uk,current route,/book,Book a discovery call,contextual CTA or footer,Primary conversion,P0,Phase A,
/blog/gym-booking-automation-uk-gyms-studios-2026,current route,/book,Book a discovery call,contextual CTA or footer,Primary conversion,P0,Phase A,
/blog/post-purchase-automation-uk-ecommerce-repeat-customers,current route,/book,Book a discovery call,contextual CTA or footer,Primary conversion,P0,Phase A,
/blog/quote-chase-automation-uk-trades-accepted-jobs-2026,current route,/book,Book a discovery call,contextual CTA or footer,Primary conversion,P0,Phase A,
/blog/quote-follow-up-automation-uk-trades-2026,current route,/book,Book a discovery call,contextual CTA or footer,Primary conversion,P0,Phase A,
