source,destination,status
https://silverstone-ai.com/index,https://silverstone-ai.com/,301
https://silverstone-ai.com/industries,https://silverstone-ai.com/industry,301
https://silverstone-ai.com/industries/dentists,https://silverstone-ai.com/industry/dentists,301
https://silverstone-ai.com/industries/ecommerce,https://silverstone-ai.com/industry/ecommerce,301
https://silverstone-ai.com/industries/estate-agents,https://silverstone-ai.com/industry/estate-agents,301
https://silverstone-ai.com/industries/fitness-coaches,https://silverstone-ai.com/industry/fitness-coaches,301
https://silverstone-ai.com/industries/gyms-fitness-studios,https://silverstone-ai.com/industry/gyms-fitness-studios,301
https://silverstone-ai.com/industries/hospitality,https://silverstone-ai.com/industry/hospitality,301
https://silverstone-ai.com/industries/physios-chiropractors,https://silverstone-ai.com/industry/physios-chiropractors,301
https://silverstone-ai.com/industries/salons-barbers,https://silverstone-ai.com/industry/salons-barbers,301
https://silverstone-ai.com/industries/trades,https://silverstone-ai.com/industry/trades,301
https://silverstone-ai.com/niches/dentists,https://silverstone-ai.com/industry/dentists,301
https://silverstone-ai.com/niches/ecommerce,https://silverstone-ai.com/industry/ecommerce,301
https://silverstone-ai.com/niches/estate-agents,https://silverstone-ai.com/industry/estate-agents,301
https://silverstone-ai.com/niches/fitness-coaches,https://silverstone-ai.com/industry/fitness-coaches,301
https://silverstone-ai.com/niches/gyms-fitness-studios,https://silverstone-ai.com/industry/gyms-fitness-studios,301
https://silverstone-ai.com/niches/hospitality,https://silverstone-ai.com/industry/hospitality,301
https://silverstone-ai.com/niches/physios-chiropractors,https://silverstone-ai.com/industry/physios-chiropractors,301
https://silverstone-ai.com/niches/salons-barbers,https://silverstone-ai.com/industry/salons-barbers,301
https://silverstone-ai.com/niches/trades-virtual-office,https://silverstone-ai.com/industry/trades,301
https://silverstone-ai.com/services/dentists,https://silverstone-ai.com/industry/dentists,301
https://silverstone-ai.com/services/ecommerce,https://silverstone-ai.com/industry/ecommerce,301
https://silverstone-ai.com/services/estate-agents,https://silverstone-ai.com/industry/estate-agents,301
https://silverstone-ai.com/services/fitness-coaches,https://silverstone-ai.com/industry/fitness-coaches,301
https://silverstone-ai.com/services/gyms-fitness-studios,https://silverstone-ai.com/industry/gyms-fitness-studios,301
https://silverstone-ai.com/services/hospitality,https://silverstone-ai.com/industry/hospitality,301
https://silverstone-ai.com/services/physios-chiropractors,https://silverstone-ai.com/industry/physios-chiropractors,301
https://silverstone-ai.com/services/salons-barbers,https://silverstone-ai.com/industry/salons-barbers,301
https://silverstone-ai.com/services/trades,https://silverstone-ai.com/industry/trades,301
https://silverstone-ai.com/services/trades-virtual-office,https://silverstone-ai.com/industry/trades,301
https://silverstone-ai.com/services/website-design-development,https://silverstone-ai.com/services/web-design-development,301
https://silverstone-ai.com/services/ai-agents-automation,https://silverstone-ai.com/services/ai-automation,301
https://silverstone-ai.com/blog/how-to-plan-a-conversion-focused-website-build-for-a-uk-small-business,https://silverstone-ai.com/blog/conversion-focused-website-planning,301
https://silverstone-ai.com/blog/bespoke-app-development-for-uk-small-businesses-what-to-build-first,https://silverstone-ai.com/blog/bespoke-app-development-guide,301
https://silverstone-ai.com/blog/ai-voice-agent-development-for-uk-businesses-calls-controls-and-handoffs-expla,https://silverstone-ai.com/blog/ai-voice-agent-development,301
https://silverstone-ai.com/blog/ai-receptionist-uk-what-small-businesses-should-set-up-before-they-buy,https://silverstone-ai.com/blog/ai-receptionist-setup-guide,301
https://silverstone-ai.com/blog/how-to-choose-the-first-workflow-to-automate-in-a-uk-small-business,https://silverstone-ai.com/blog/workflow-automation-selection-guide,301
https://silverstone-ai.com/blog/ai-and-automation-consulting-for-uk-small-businesses-what-to-fix-first,https://silverstone-ai.com/blog/ai-automation-consulting-guide,301
https://silverstone-ai.com/blog/a-practical-content-creation-framework-for-uk-small-businesses,https://silverstone-ai.com/blog/content-creation-framework,301
https://silverstone-ai.com/blog/estate-agent-automation-in-the-uk-what-to-build-first-and-what-to-leave-human,https://silverstone-ai.com/blog/estate-agent-automation-guide,301
https://silverstone-ai.com/blog/hospitality-automation-for-uk-small-businesses-where-ai-actually-helps,https://silverstone-ai.com/blog/hospitality-automation-guide,301
https://silverstone-ai.com/blog/how-uk-salons-and-barbers-can-use-ai-without-losing-the-human-touch,https://silverstone-ai.com/blog/salon-barber-ai-guide,301
https://silverstone-ai.com/blog/websites-ai-receptionists-and-automation-for-uk-trades-businesses,https://silverstone-ai.com/blog/trades-websites-ai-automation,301
https://silverstone-ai.com/blog/ai-systems-for-ecommerce-brands-what-uk-small-businesses-should-build-first,https://silverstone-ai.com/blog/ecommerce-ai-systems-guide,301
https://silverstone-ai.com/blog/how-uk-physio-and-chiropractic-practices-can-use-ai-without-losing-the-human-t,https://silverstone-ai.com/blog/physio-chiropractic-ai-guide,301
https://silverstone-ai.com/blog/dental-practice-automation-in-the-uk-a-practical-systems-guide,https://silverstone-ai.com/blog/dental-practice-automation-guide,301
https://silverstone-ai.com/blog/gym-automation-for-small-uk-fitness-businesses-a-practical-operating-model,https://silverstone-ai.com/blog/gym-automation-operating-model,301
https://silverstone-ai.com/blog/how-uk-fitness-coaches-can-turn-enquiries-into-booked-consultations,https://silverstone-ai.com/blog/fitness-coach-enquiry-automation,301
https://silverstone-ai.com/blog/web-design-and-development-for-uk-small-businesses-build-a-site-that-operates,https://silverstone-ai.com/blog/small-business-web-development,301
https://silverstone-ai.com/blog/app-development-for-uk-small-businesses-what-to-build-first,https://silverstone-ai.com/blog/small-business-app-development,301
https://silverstone-ai.com/blog/ai-voice-agents-in-the-uk-a-practical-buyer-s-guide-for-small-businesses,https://silverstone-ai.com/blog/ai-voice-agent-buyers-guide,301
https://silverstone-ai.com/blog/ai-receptionist-uk-a-practical-guide-for-small-business-owners,https://silverstone-ai.com/blog/ai-receptionist-small-business-guide,301
https://silverstone-ai.com/blog/ai-automation-for-uk-small-businesses-what-to-fix-first,https://silverstone-ai.com/blog/small-business-ai-automation,301
