"route_key","file","group","route","canonical","title","h1","meta_description","word_count","bytes","schema_types","repo_indexable","sitemap_member","live_status","live_final_url","live_h1_count","live_broken_image_count","rendered_horizontal_overflow","internal_inlinks","internal_outlinks","nearest_structure_file","nearest_structure_similarity","parallax","shader","analytics","url_disposition","implementation_disposition","content_disposition","evidence_basis","risk_notes"
"canonical:/","index.html","main","/","https://silverstone-ai.com","Silverstone AI - AI Automation for UK Small Businesses","Silverstone AI for UK Small Businesses — Calls, Bookings & Lead Follow-Up Silverstone AI for UK Small Businesses","Silverstone AI helps UK small businesses automate calls, lead follow-up, bookings, and back-office workflows with practical AI systems.","1233","44886","BreadcrumbList | ContactPoint | ImageObject | ListItem | Organization | PostalAddress | ProfessionalService | WebPage | WebSite","true","yes","200","https://silverstone-ai.com/","1","0","false","50","17","services/fitness-coaches.html","0.805","true","true","true","retain","refactor","rewrite","repository evidence + live HTTP + live browser","6 images lack width/height; quantified or absolute proof claims require substantiation"
"canonical:/about","about.html","main","/about","https://silverstone-ai.com/about","About Us | Silverstone AI","About Silverstone AI","Learn how Silverstone AI helps UK small businesses grow with practical automation, faster response times, and tailored support.","503","23293","AboutPage | BreadcrumbList | ListItem","true","yes","200","https://silverstone-ai.com/about","1","1","false","50","17","services/hospitality.html","0.9085","true","true","true","retain","refactor","retain","repository evidence + live HTTP + live browser","7 images lack width/height"
"canonical:/services","services.html","main","/services","https://silverstone-ai.com/services","AI Automation Services by Industry | Silverstone AI","Silverstone AI services, organised by industry.","Browse Silverstone AI automation services by industry for UK SMEs, from estate agents and hospitality to trades, eCommerce, clinics, dentists, gyms, and coaches.","1622","53056","BreadcrumbList | CollectionPage | ItemList | ListItem","true","yes","200","https://silverstone-ai.com/services","1","0","false","50","50","services/trades.html","0.8271","true","true","true","retain","refactor","refactor","repository evidence + live HTTP + live browser","6 images lack width/height"
"canonical:/pricing","pricing.html","main","/pricing","https://silverstone-ai.com/pricing","AI Automation Pricing | Silverstone AI","Silverstone AI Automation Pricing for UK Small Businesses","Compare AI automation pricing for UK small businesses: Silverstone AI flagship packs, industry-specific modules, and bundle pricing across nine industries.","441","23216","Answer | Audience | BreadcrumbList | FAQPage | ItemList | ListItem | Question | ReserveAction | Service | WebPage","true","yes","200","https://silverstone-ai.com/pricing","1","0","false","50","17","book.html","0.946","true","true","true","retain","refactor","refactor","repository evidence + live HTTP + live browser","2 images lack width/height"
"canonical:/blog","blog.html","main","/blog","https://silverstone-ai.com/blog","AI Automation Guides | Silverstone AI","Silverstone AI guides for small business teams","Read Silverstone AI guides on lead handling, bookings, reminders, and practical automation workflows for UK small businesses.","3993","104096","BreadcrumbList | CollectionPage | ListItem","true","yes","200","https://silverstone-ai.com/blog","1","0","false","50","50","blog/ai-receptionist-small-business-2026.html","0.718","true","true","true","retain","refactor","refactor","repository evidence + live HTTP + live browser","35 images lack width/height"
"canonical:/book","book.html","main","/book","https://silverstone-ai.com/book","Book an Automation Audit | Silverstone AI","Book your Silverstone AI automation audit","Book a free 30-minute automation audit with Silverstone AI to uncover quick wins and plan practical next steps.","408","15444","BreadcrumbList | ListItem | WebPage","true","yes","200","https://silverstone-ai.com/book","1","0","false","50","17","privacy-policy.html","0.9649","true","true","true","retain","rewrite","retain","repository evidence + live HTTP + live browser","2 images lack width/height"
"canonical:/contact","contact.html","main","/contact","https://silverstone-ai.com/contact","Contact Us | Silverstone AI","Contact Silverstone AI","Contact Silverstone AI to discuss automation for your business, request support, or ask about services, pricing, and implementation.","232","15458","BreadcrumbList | ContactPage | ListItem","true","yes","200","https://silverstone-ai.com/contact","1","0","false","50","17","book.html","0.9636","true","true","true","retain","rewrite","retain","repository evidence + live HTTP + live browser","2 images lack width/height"
"canonical:/privacy-policy","privacy-policy.html","legal","/privacy-policy","https://silverstone-ai.com/privacy-policy","Privacy Policy | Silverstone AI","Privacy Policy","Read the Silverstone AI privacy policy to understand how we collect, use, and protect your personal data.","486","14368","","true","yes","200","https://silverstone-ai.com/privacy-policy","1","0","false","50","17","book.html","0.9649","false","true","true","retain","refactor","refactor","repository evidence + live HTTP + live browser","2 images lack width/height; privacy consent statement conflicts with analytics loading before consent"
"canonical:/services/dentists","services/dentists.html","services","/services/dentists","https://silverstone-ai.com/services/dentists","AI Automation for Dentists | Silverstone AI","Dentists: never let recall slip through the cracks.","Silverstone AI helps UK dental practices automate recall, reduce DNAs, and keep treatment books full with practical AI follow-up.","936","35264","Answer | Audience | BreadcrumbList | FAQPage | ListItem | Offer | Question | ReserveAction | Service | WebPage","true","yes","200","https://silverstone-ai.com/services/dentists","1","0","false","50","19","services/physios-chiropractors.html","0.9974","true","true","true","retain","refactor","rewrite","repository evidence + live HTTP + live browser","5 images lack width/height; quantified or absolute proof claims require substantiation"
"canonical:/services/ecommerce","services/ecommerce.html","services","/services/ecommerce","https://silverstone-ai.com/services/ecommerce","AI Automation for eCommerce Brands | Silverstone AI","eCommerce brands: turn more clicks into repeat customers.","Silverstone AI helps UK eCommerce brands automate cart recovery, support, and post-purchase follow-up to increase repeat revenue.","984","35470","Answer | Audience | BreadcrumbList | FAQPage | ListItem | Offer | Question | ReserveAction | Service | WebPage","true","yes","200","https://silverstone-ai.com/services/ecommerce","1","0","false","50","19","services/gyms-fitness-studios.html","0.9961","true","true","true","retain","refactor","rewrite","repository evidence + live HTTP + live browser","5 images lack width/height; quantified or absolute proof claims require substantiation"
"canonical:/services/estate-agents","services/estate-agents.html","services","/services/estate-agents","https://silverstone-ai.com/services/estate-agents","AI Automation for Estate Agents | Silverstone AI","Estate agents: never miss a viewing or instruction again.","Silverstone AI helps UK estate agents automate lead capture, viewing follow-up, and landlord workflows so instructions move faster.","968","35316","Answer | Audience | BreadcrumbList | FAQPage | ListItem | Offer | Question | ReserveAction | Service | WebPage","true","yes","200","https://silverstone-ai.com/services/estate-agents","1","0","false","50","19","services/hospitality.html","0.9964","true","true","true","retain","refactor","rewrite","repository evidence + live HTTP + live browser","5 images lack width/height; quantified or absolute proof claims require substantiation"
"canonical:/services/fitness-coaches","services/fitness-coaches.html","services","/services/fitness-coaches","https://silverstone-ai.com/services/fitness-coaches","AI Automation for Fitness Coaches | Silverstone AI","Fitness coaches: turn DMs into paying clients on autopilot.","Silverstone AI helps UK fitness coaches automate DMs, lead follow-up, and onboarding so more conversations turn into paid clients.","996","35502","Answer | Audience | BreadcrumbList | FAQPage | ListItem | Offer | Question | ReserveAction | Service | WebPage","true","yes","200","https://silverstone-ai.com/services/fitness-coaches","1","0","false","50","19","services/ecommerce.html","0.9938","true","true","true","retain","refactor","rewrite","repository evidence + live HTTP + live browser","5 images lack width/height; quantified or absolute proof claims require substantiation"
"canonical:/services/gyms-fitness-studios","services/gyms-fitness-studios.html","services","/services/gyms-fitness-studios","https://silverstone-ai.com/services/gyms-fitness-studios","AI Automation for Gyms & Fitness Studios | Silverstone AI","Gyms & fitness studios: win back more members without extra ads.","Silverstone AI helps UK gyms and studios automate member reactivation, trial follow-up, and booking journeys to improve retention.","950","35209","Answer | Audience | BreadcrumbList | FAQPage | ListItem | Offer | Question | ReserveAction | Service | WebPage","true","yes","200","https://silverstone-ai.com/services/gyms-fitness-studios","1","0","false","50","19","services/ecommerce.html","0.9961","true","true","true","retain","refactor","rewrite","repository evidence + live HTTP + live browser","5 images lack width/height; quantified or absolute proof claims require substantiation"
"canonical:/services/hospitality","services/hospitality.html","services","/services/hospitality","https://silverstone-ai.com/services/hospitality","AI Automation for Hospitality | Silverstone AI","Hospitality: a guest concierge that never sleeps.","Silverstone AI helps UK hospitality teams automate bookings, guest follow-up, and concierge enquiries to capture more revenue.","1068","36630","Answer | Audience | BreadcrumbList | FAQPage | ListItem | Offer | Question | ReserveAction | Service | WebPage","true","yes","200","https://silverstone-ai.com/services/hospitality","1","0","false","50","19","services/salons-barbers.html","0.9971","true","true","true","retain","refactor","rewrite","repository evidence + live HTTP + live browser","5 images lack width/height; quantified or absolute proof claims require substantiation"
"canonical:/services/physios-chiropractors","services/physios-chiropractors.html","services","/services/physios-chiropractors","https://silverstone-ai.com/services/physios-chiropractors","AI Automation for Physios & Chiropractors | Silverstone AI","Physios & chiropractors: keep diaries full and patients on plan.","Silverstone AI helps UK physio and chiropractic clinics automate intake, reminders, and rebooking to keep patients on plan.","952","35600","Answer | Audience | BreadcrumbList | FAQPage | ListItem | Offer | Question | ReserveAction | Service | WebPage","true","yes","200","https://silverstone-ai.com/services/physios-chiropractors","1","0","false","50","19","services/dentists.html","0.9974","true","true","true","retain","refactor","rewrite","repository evidence + live HTTP + live browser","5 images lack width/height; quantified or absolute proof claims require substantiation"
"canonical:/services/salons-barbers","services/salons-barbers.html","services","/services/salons-barbers","https://silverstone-ai.com/services/salons-barbers","AI Automation for Salons & Barbers | Silverstone AI","Salons & barbers: fill more chairs automatically.","Silverstone AI helps UK salons and barbers automate rebooking, reminders, and review follow-up to keep chairs fuller.","989","35484","Answer | Audience | BreadcrumbList | FAQPage | ListItem | Offer | Question | ReserveAction | Service | WebPage","true","yes","200","https://silverstone-ai.com/services/salons-barbers","1","0","false","50","19","services/hospitality.html","0.9971","true","true","true","retain","refactor","rewrite","repository evidence + live HTTP + live browser","5 images lack width/height; quantified or absolute proof claims require substantiation"
"canonical:/services/trades","services/trades.html","services","/services/trades","https://silverstone-ai.com/services/trades","AI Automation for Trades | Silverstone AI","Trades: never let the good jobs go to voicemail.","Silverstone AI helps UK trades businesses automate missed-call capture, quote follow-up, and scheduling so fewer jobs go cold.","1012","35164","Answer | Audience | BreadcrumbList | FAQPage | ListItem | Offer | Question | ReserveAction | Service | WebPage","true","yes","200","https://silverstone-ai.com/services/trades","1","0","false","50","20","services/dentists.html","0.9947","true","true","true","retain","refactor","rewrite","repository evidence + live HTTP + live browser","5 images lack width/height; quantified or absolute proof claims require substantiation"
"canonical:/blog/ai-appointment-reminders-uk-2026","blog/ai-appointment-reminders-uk-2026.html","blog","/blog/ai-appointment-reminders-uk-2026","https://silverstone-ai.com/blog/ai-appointment-reminders-uk-2026","AI Appointment Reminders for UK SMEs | Silverstone AI","AI Appointment Reminders for UK Small Businesses: Cut No-Shows and Recover Lost Revenue in 2026","AI appointment reminders help UK small businesses reduce no-shows, refill cancelled slots faster, and recover revenue without adding more manual admin.","1447","24503","BlogPosting | BreadcrumbList | ImageObject | ListItem | Organization","true","yes","200","https://silverstone-ai.com/blog/ai-appointment-reminders-uk-2026","1","0","false","8","19","blog/ai-automation-uk-gdpr-2026-sme-guide.html","0.9943","true","false","true","retain","refactor","refactor","repository evidence + live HTTP + live browser","3 images lack width/height"
"canonical:/blog/ai-automation-failures-uk-smes-2026","blog/ai-automation-failures-uk-smes-2026.html","blog","/blog/ai-automation-failures-uk-smes-2026","https://silverstone-ai.com/blog/ai-automation-failures-uk-smes-2026","Fix AI Automation Failures in UK SMEs | Silverstone AI","How UK SMEs Can Fix AI Automation Failures in 2026","AI automation failures are holding back UK SMEs in 2026. Learn how to fix workflows, data handoffs, compliance gaps and weak ownership.","1612","24962","BlogPosting | BreadcrumbList | ImageObject | ListItem | Organization","true","yes","200","https://silverstone-ai.com/blog/ai-automation-failures-uk-smes-2026","1","0","false","10","17","blog/ai-voice-agents-uk-smes-2026.html","0.9912","true","false","true","retain","refactor","refactor","repository evidence + live HTTP + live browser","3 images lack width/height"
"canonical:/blog/ai-automation-uk-gdpr-2026-sme-guide","blog/ai-automation-uk-gdpr-2026-sme-guide.html","blog","/blog/ai-automation-uk-gdpr-2026-sme-guide","https://silverstone-ai.com/blog/ai-automation-uk-gdpr-2026-sme-guide","AI Automation and UK GDPR: A 2026 SME Guide | Silverstone AI","AI Automation and UK GDPR: A 2026 SME Guide","AI automation UK GDPR guidance for UK SMEs in 2026: learn Article 22 risks, human review, vendor checks and safer rollout steps.","1962","27823","BlogPosting | BreadcrumbList | ImageObject | ListItem | Organization","true","yes","200","https://silverstone-ai.com/blog/ai-automation-uk-gdpr-2026-sme-guide","1","0","false","16","17","blog/ai-appointment-reminders-uk-2026.html","0.9943","true","false","true","retain","refactor","refactor","repository evidence + live HTTP + live browser","3 images lack width/height"
"canonical:/blog/ai-automations-physio-chiro-clinics-uk","blog/ai-automations-physio-chiro-clinics-uk.html","blog","/blog/ai-automations-physio-chiro-clinics-uk","https://silverstone-ai.com/blog/ai-automations-physio-chiro-clinics-uk","AI Automations for Physio Clinics | Silverstone AI","How small physio & chiro clinics can cut missed sessions and improve treatment completion with simple AI automations","Practical AI automations for small physio and chiro clinics to cut missed sessions, improve treatment completion and save admin time with a 30–60 day rollout.","1886","29808","BlogPosting | BreadcrumbList | ImageObject | ListItem | Organization","true","yes","200","https://silverstone-ai.com/blog/ai-automations-physio-chiro-clinics-uk","1","0","false","3","17","blog/dental-recall-automation-uk-2026.html","0.9197","true","false","true","retain","refactor","refactor","repository evidence + live HTTP + live browser","3 images lack width/height"
"canonical:/blog/ai-booking-automation-uk-hospitality-2026","blog/ai-booking-automation-uk-hospitality-2026.html","blog","/blog/ai-booking-automation-uk-hospitality-2026","https://silverstone-ai.com/blog/ai-booking-automation-uk-hospitality-2026","AI Booking Automation for UK Hospitality | Silverstone AI","AI Booking Automation for UK Hospitality in 2026","AI booking automation helps UK hospitality capture more reservations, cut no-shows and answer guests faster across phone, chat and email.","1756","25422","BlogPosting | BreadcrumbList | ImageObject | ListItem | Organization","true","yes","200","https://silverstone-ai.com/blog/ai-booking-automation-uk-hospitality-2026","1","0","false","4","17","blog/ai-lead-qualification-estate-agents-2026.html","0.9949","true","false","true","retain","refactor","rewrite","repository evidence + live HTTP + live browser","3 images lack width/height"
"canonical:/blog/ai-call-answering-trades-uk","blog/ai-call-answering-trades-uk.html","blog","/blog/ai-call-answering-trades-uk","https://silverstone-ai.com/blog/ai-call-answering-trades-uk","AI Call Answering for UK Trades | Silverstone AI","How UK Trades Businesses Can Use AI Call Answering to Stop After-Hours Emergency Jobs Going to Competitors","See how UK trades firms can use AI call answering to capture emergency jobs after hours, triage leads, and stop missed calls turning into lost revenue.","2168","30178","BlogPosting | BreadcrumbList | ImageObject | ListItem | Organization","true","yes","200","https://silverstone-ai.com/blog/ai-call-answering-trades-uk","1","0","false","3","19","blog/clinic-rebooking-physio-chiro-uk.html","0.9865","true","false","true","retain","refactor","refactor","repository evidence + live HTTP + live browser","3 images lack width/height"
"canonical:/blog/ai-document-automation-uk-smes-2026","blog/ai-document-automation-uk-smes-2026.html","blog","/blog/ai-document-automation-uk-smes-2026","https://silverstone-ai.com/blog/ai-document-automation-uk-smes-2026","AI Document Automation for UK SMEs in 2026 | Silverstone AI","AI Document Automation for UK SMEs in 2026","AI document automation helps UK SMEs cut admin, extract data from forms and invoices, and route work faster with accurate, compliant workflows.","1695","25282","BlogPosting | BreadcrumbList | ImageObject | ListItem | Organization","true","yes","200","https://silverstone-ai.com/blog/ai-document-automation-uk-smes-2026","1","0","false","2","17","blog/ai-lead-qualification-estate-agents-2026.html","0.9937","true","false","true","retain","refactor","refactor","repository evidence + live HTTP + live browser","3 images lack width/height"
"canonical:/blog/ai-etas-smart-scheduling-uk-trades-2026","blog/ai-etas-smart-scheduling-uk-trades-2026.html","blog","/blog/ai-etas-smart-scheduling-uk-trades-2026","https://silverstone-ai.com/blog/ai-etas-smart-scheduling-uk-trades-2026","AI ETAs and Smart Scheduling for UK Trades | Silverstone AI","How AI ETAs and Smart Scheduling Help UK Trades Win More Jobs and Cut Drive Time","A practical guide for UK trades on using AI ETA automation and smart scheduling to reduce wasted drive time, improve response speed, and convert more enquiries.","1839","28737","BlogPosting | BreadcrumbList | ImageObject | ListItem | Organization | WebPage","true","yes","200","https://silverstone-ai.com/blog/ai-etas-smart-scheduling-uk-trades-2026","1","0","false","2","20","blog/post-purchase-automation-uk-ecommerce-repeat-customers.html","0.9975","true","false","true","retain","refactor","refactor","repository evidence + live HTTP + live browser","3 images lack width/height"
"canonical:/blog/ai-guest-concierge-hotels-bbs-uk","blog/ai-guest-concierge-hotels-bbs-uk.html","blog","/blog/ai-guest-concierge-hotels-bbs-uk","https://silverstone-ai.com/blog/ai-guest-concierge-hotels-bbs-uk","AI Guest Concierge for Hotels and B&Bs | Silverstone AI","How UK hotels and B&Bs can install a 24/7 AI guest‑concierge: a 90‑day checklist, costs and data‑risk","Practical 90‑day runbook for UK hotels and B&Bs to deploy a 24/7 AI guest‑concierge, with costs, ROI tips and a compact GDPR checklist for safe rollout.","1599","31267","BlogPosting | BreadcrumbList | ImageObject | ListItem | Organization","true","yes","200","https://silverstone-ai.com/blog/ai-guest-concierge-hotels-bbs-uk","1","0","false","3","17","blog/estate-agent-viewing-confirmations-uk.html","0.9979","true","false","true","retain","refactor","refactor","repository evidence + live HTTP + live browser","3 images lack width/height"
"canonical:/blog/ai-lead-capture-trades-uk-2026","blog/ai-lead-capture-trades-uk-2026.html","blog","/blog/ai-lead-capture-trades-uk-2026","https://silverstone-ai.com/blog/ai-lead-capture-trades-uk-2026","AI Lead Capture for Trades in the UK | Silverstone AI","AI Lead Capture for Trades in the UK: 2026 Guide","AI lead capture trades helps UK firms answer more enquiries, book more jobs and cut missed calls with always-on automation in 2026.","1734","25033","BlogPosting | BreadcrumbList | ImageObject | ListItem | Organization","true","yes","redirect_loop","","","","","3","17","blog/ai-lead-capture-uk-trades-2026.html","0.9949","true","false","false","unresolved","refactor","unresolved","repository evidence + live HTTP + live browser","live canonical is trapped in a forced self-redirect loop; Google Analytics tag absent; 3 images lack width/height; search-intent overlap requires migration-owner decision; browser error: Browser Use cannot open https://silverstone-ai.com/blog/ai-lead-capture-trades-uk-2026 in tab 1. Browser reported: net::ERR_TOO_MANY_REDIRECTS"
"canonical:/blog/ai-lead-capture-uk-trades-2026","blog/ai-lead-capture-uk-trades-2026.html","blog","/blog/ai-lead-capture-uk-trades-2026","https://silverstone-ai.com/blog/ai-lead-capture-uk-trades-2026","AI Lead Capture for UK Trades in 2026 | Silverstone AI","AI Lead Capture for UK Trades in 2026","AI lead capture helps UK trades firms win more jobs in 2026 by rescuing missed calls, speeding replies and turning enquiries into booked work.","1838","26228","BlogPosting | BreadcrumbList | ImageObject | ListItem | Organization","true","yes","200","https://silverstone-ai.com/blog/ai-lead-capture-uk-trades-2026","1","0","false","3","17","blog/ai-lead-capture-trades-uk-2026.html","0.9949","true","false","true","retain","refactor","refactor","repository evidence + live HTTP + live browser","3 images lack width/height; search-intent overlap requires migration-owner decision"
"canonical:/blog/ai-lead-qualification-estate-agents-2026","blog/ai-lead-qualification-estate-agents-2026.html","blog","/blog/ai-lead-qualification-estate-agents-2026","https://silverstone-ai.com/blog/ai-lead-qualification-estate-agents-2026","AI Lead Qualification for UK Estate Agents | Silverstone AI","AI Lead Qualification for UK Estate Agents in 2026","AI lead qualification helps UK estate agents respond faster, route enquiries better, and turn more portal leads into viewings and valuations.","1882","26165","BlogPosting | BreadcrumbList | ImageObject | ListItem | Organization","true","yes","200","https://silverstone-ai.com/blog/ai-lead-qualification-estate-agents-2026","1","0","false","5","17","blog/ai-booking-automation-uk-hospitality-2026.html","0.9949","true","false","true","retain","refactor","refactor","repository evidence + live HTTP + live browser","3 images lack width/height"
"canonical:/blog/ai-lead-scoring-fitness-coaches-uk","blog/ai-lead-scoring-fitness-coaches-uk.html","blog","/blog/ai-lead-scoring-fitness-coaches-uk","https://silverstone-ai.com/blog/ai-lead-scoring-fitness-coaches-uk","AI Lead Scoring for UK Fitness Coaches | Silverstone AI","AI Lead Scoring for UK Fitness Coaches","Learn how UK fitness coaches can use AI lead scoring to qualify DMs faster, filter low-intent enquiries, and route serious leads to the right next step.","2186","29163","BlogPosting | BreadcrumbList | ImageObject | ListItem | Organization","true","yes","200","https://silverstone-ai.com/blog/ai-lead-scoring-fitness-coaches-uk","1","0","false","3","18","blog/ai-returns-triage-ecommerce-uk.html","0.9951","true","false","true","retain","refactor","refactor","repository evidence + live HTTP + live browser","3 images lack width/height"
"canonical:/blog/ai-missed-call-recovery-dentists-uk","blog/ai-missed-call-recovery-dentists-uk.html","blog","/blog/ai-missed-call-recovery-dentists-uk","https://silverstone-ai.com/blog/ai-missed-call-recovery-dentists-uk","AI Missed-Call Recovery for Dentists | Silverstone AI","AI Missed-Call Recovery for Dentists","See how UK dental practices can use AI missed-call recovery to capture unanswered enquiries, protect revenue, and book more high-value appointments.","2135","30298","BlogPosting | BreadcrumbList | ImageObject | ListItem | Organization","true","yes","200","https://silverstone-ai.com/blog/ai-missed-call-recovery-dentists-uk","1","0","false","3","20","blog/ai-returns-triage-ecommerce-uk.html","0.9943","true","false","true","retain","refactor","refactor","repository evidence + live HTTP + live browser","3 images lack width/height"
"canonical:/blog/ai-no-show-reduction-uk-salons-barbers","blog/ai-no-show-reduction-uk-salons-barbers.html","blog","/blog/ai-no-show-reduction-uk-salons-barbers","https://silverstone-ai.com/blog/ai-no-show-reduction-uk-salons-barbers","AI No-Show Reduction for UK Salons | Silverstone AI","AI No-show Reduction for UK Salons and Barbers","AI no-show reduction helps UK salons and barbers cut missed bookings, fill gaps faster and protect revenue with reminders, deposits and waitlists.","1730","26263","BlogPosting | BreadcrumbList | ImageObject | ListItem | Organization","true","yes","200","https://silverstone-ai.com/blog/ai-no-show-reduction-uk-salons-barbers","1","0","false","5","17","blog/ai-website-tools-uk-small-businesses-2026.html","0.9951","true","false","true","retain","refactor","refactor","repository evidence + live HTTP + live browser","3 images lack width/height"
"canonical:/blog/ai-quote-follow-up-trades","blog/ai-quote-follow-up-trades.html","blog","/blog/ai-quote-follow-up-trades","https://silverstone-ai.com/blog/ai-quote-follow-up-trades","AI Quote Follow-Up for Trades in 2026 | Silverstone AI","How UK Trades Businesses Can Use AI Quote Follow-Up to Win More Approved Jobs in 2026","Quote follow-up is often where trades jobs are won or lost, and AI can help make that process faster and more consistent. This article explains how to use it in","734","16212","BlogPosting | BreadcrumbList | ImageObject | ListItem | Organization","true","yes","200","https://silverstone-ai.com/blog/ai-quote-follow-up-trades","1","0","false","2","17","blog/ai-appointment-reminders-uk-2026.html","0.9875","true","false","false","retain","refactor","refactor","repository evidence + live HTTP + live browser","Google Analytics tag absent; 3 images lack width/height; search-intent overlap requires migration-owner decision"
"canonical:/blog/ai-rebooking-journeys-salons-uk","blog/ai-rebooking-journeys-salons-uk.html","blog","/blog/ai-rebooking-journeys-salons-uk","https://silverstone-ai.com/blog/ai-rebooking-journeys-salons-uk","AI Rebooking Journeys for Salons | Silverstone AI","How UK Salons and Barbers Can Use AI Rebooking Journeys to Fill Gaps Between Appointments","Learn how UK salons and barbers can use consent-aware AI rebooking journeys to recover missed visits, fill diary gaps, and cut front-desk follow-up.","1550","28381","BlogPosting | BreadcrumbList | ImageObject | ListItem | Organization","true","yes","200","https://silverstone-ai.com/blog/ai-rebooking-journeys-salons-uk","1","0","false","3","19","blog/dental-intake-e-consent-automation-uk.html","0.9859","true","false","true","retain","refactor","refactor","repository evidence + live HTTP + live browser","3 images lack width/height"
"canonical:/blog/ai-receptionist-small-business-2026","blog/ai-receptionist-small-business-2026.html","blog","/blog/ai-receptionist-small-business-2026","https://silverstone-ai.com/blog/ai-receptionist-small-business-2026","AI Receptionist for Small Business | Silverstone AI","AI Receptionist for Small Business in 2026: Why the Best First AI Project Is Your Front Desk","Discover why an AI receptionist is the strongest first AI project for small businesses in 2026, from missed-call capture to bookings, reminders, and follow-up.","1648","26248","BlogPosting | BreadcrumbList | ImageObject | ListItem | Organization","true","yes","200","https://silverstone-ai.com/blog/ai-receptionist-small-business-2026","1","0","false","2","17","blog/dm-to-client-automation-uk-fitness-coaches-2026.html","0.9814","true","false","true","retain","refactor","refactor","repository evidence + live HTTP + live browser","3 images lack width/height"
"canonical:/blog/ai-receptionist-uk-costs-roi-2026","blog/ai-receptionist-uk-costs-roi-2026.html","blog","/blog/ai-receptionist-uk-costs-roi-2026","https://silverstone-ai.com/blog/ai-receptionist-uk-costs-roi-2026","AI Receptionists for UK SMEs: Costs and ROI | Silverstone AI","AI Receptionists for UK SMEs: Costs and ROI in 2026","AI receptionist UK pricing, setup and ROI explained for SMEs in 2026, with practical guidance on costs, compliance and front-desk automation.","1712","25211","BlogPosting | BreadcrumbList | ImageObject | ListItem | Organization","true","yes","200","https://silverstone-ai.com/blog/ai-receptionist-uk-costs-roi-2026","1","0","false","7","17","blog/ai-lead-qualification-estate-agents-2026.html","0.9948","true","false","true","retain","refactor","refactor","repository evidence + live HTTP + live browser","3 images lack width/height"
"canonical:/blog/ai-returns-triage-ecommerce-uk","blog/ai-returns-triage-ecommerce-uk.html","blog","/blog/ai-returns-triage-ecommerce-uk","https://silverstone-ai.com/blog/ai-returns-triage-ecommerce-uk","AI Returns Triage for UK eCommerce | Silverstone AI","How UK eCommerce Brands Can Use AI Returns Triage to Cut Support Load and Keep Customers Happy","Learn how UK eCommerce brands can use AI returns triage to answer common questions, route requests, and reduce support load without hiring more staff.","2274","30805","BlogPosting | BreadcrumbList | ImageObject | ListItem | Organization","true","yes","200","https://silverstone-ai.com/blog/ai-returns-triage-ecommerce-uk","1","0","false","3","19","blog/ai-lead-scoring-fitness-coaches-uk.html","0.9951","true","false","true","retain","refactor","refactor","repository evidence + live HTTP + live browser","3 images lack width/height"
"canonical:/blog/ai-viewing-feedback-estate-agents-uk","blog/ai-viewing-feedback-estate-agents-uk.html","blog","/blog/ai-viewing-feedback-estate-agents-uk","https://silverstone-ai.com/blog/ai-viewing-feedback-estate-agents-uk","AI Viewing Feedback for Estate Agents | Silverstone AI","How UK Estate Agents Can Use AI Viewing Feedback Follow-Up to Win More Instructions","Learn how UK estate agents can automate post-viewing feedback, speed vendor updates, and surface hot leads without losing the personal touch.","2171","29840","BlogPosting | BreadcrumbList | ImageObject | ListItem | Organization","true","yes","200","https://silverstone-ai.com/blog/ai-viewing-feedback-estate-agents-uk","1","0","false","3","19","blog/ai-lead-scoring-fitness-coaches-uk.html","0.9939","true","false","true","retain","refactor","refactor","repository evidence + live HTTP + live browser","3 images lack width/height"
"canonical:/blog/ai-voice-agents-uk-smes-2026","blog/ai-voice-agents-uk-smes-2026.html","blog","/blog/ai-voice-agents-uk-smes-2026","https://silverstone-ai.com/blog/ai-voice-agents-uk-smes-2026","AI Voice Agents for UK SMEs in 2026 | Silverstone AI","AI Voice Agents for UK SMEs in 2026","AI voice agents help UK SMEs answer more calls, book more enquiries and cut admin in 2026 with faster, smarter front-desk automation.","1720","25586","BlogPosting | BreadcrumbList | ImageObject | ListItem | Organization","true","yes","200","https://silverstone-ai.com/blog/ai-voice-agents-uk-smes-2026","1","0","false","8","17","blog/ai-no-show-reduction-uk-salons-barbers.html","0.995","true","false","true","retain","refactor","refactor","repository evidence + live HTTP + live browser","3 images lack width/height"
"canonical:/blog/ai-website-tools-uk-small-businesses-2026","blog/ai-website-tools-uk-small-businesses-2026.html","blog","/blog/ai-website-tools-uk-small-businesses-2026","https://silverstone-ai.com/blog/ai-website-tools-uk-small-businesses-2026","AI Website Tools for UK Small Businesses | Silverstone AI","AI Website Tools for UK Small Businesses in 2026","AI website tools UK firms use in 2026 can turn more visitors into leads with chat, personalisation and follow-up automation.","1695","25085","BlogPosting | BreadcrumbList | ImageObject | ListItem | Organization","true","yes","200","https://silverstone-ai.com/blog/ai-website-tools-uk-small-businesses-2026","1","0","false","3","17","blog/ai-no-show-reduction-uk-salons-barbers.html","0.9951","true","false","true","retain","refactor","refactor","repository evidence + live HTTP + live browser","3 images lack width/height"
"canonical:/blog/ai-win-back-journeys-gyms-uk","blog/ai-win-back-journeys-gyms-uk.html","blog","/blog/ai-win-back-journeys-gyms-uk","https://silverstone-ai.com/blog/ai-win-back-journeys-gyms-uk","AI Win-Back Journeys for Gyms | Silverstone AI","How UK Gyms and Fitness Studios Can Use AI Win-Back Journeys to Reactivate Inactive Members","Learn how UK gyms and fitness studios can use AI win-back journeys to re-engage inactive members, reduce churn, and recover revenue without blanket discounts.","2194","29954","BlogPosting | BreadcrumbList | ImageObject | ListItem | Organization","true","yes","200","https://silverstone-ai.com/blog/ai-win-back-journeys-gyms-uk","1","0","false","3","19","blog/ai-call-answering-trades-uk.html","0.9815","true","false","true","retain","refactor","refactor","repository evidence + live HTTP + live browser","3 images lack width/height"
"canonical:/blog/clinic-rebooking-physio-chiro-uk","blog/clinic-rebooking-physio-chiro-uk.html","blog","/blog/clinic-rebooking-physio-chiro-uk","https://silverstone-ai.com/blog/clinic-rebooking-physio-chiro-uk","Clinic Rebooking Automation for Physios | Silverstone AI","How UK Physio and Chiropractic Clinics Can Automate Rebooking to Keep Patients on Plan","Learn how UK physio and chiropractic clinics can automate rebooking, reduce patient drop-off, and keep treatment plans moving with less admin.","2145","31209","BlogPosting | BreadcrumbList | ImageObject | ListItem | Organization","true","yes","200","https://silverstone-ai.com/blog/clinic-rebooking-physio-chiro-uk","1","0","false","3","19","blog/ai-missed-call-recovery-dentists-uk.html","0.9924","true","false","true","retain","refactor","refactor","repository evidence + live HTTP + live browser","3 images lack width/height"
"canonical:/blog/dental-intake-e-consent-automation-uk","blog/dental-intake-e-consent-automation-uk.html","blog","/blog/dental-intake-e-consent-automation-uk","https://silverstone-ai.com/blog/dental-intake-e-consent-automation-uk","Dental Intake and E-Consent Automation - Silverstone AI","How UK dental practices can automate patient intake and e‑consent to cut admin, speed treatment starts and","A practical guide for UK dental practices to automate patient intake and e‑consent, cut reception admin, speed treatment starts, and keep GDPR‑compliant records.","1596","31424","BlogPosting | BreadcrumbList | ImageObject | ListItem | Organization","true","yes","200","https://silverstone-ai.com/blog/dental-intake-e-consent-automation-uk","1","0","false","2","17","blog/estate-agent-viewing-confirmations-uk.html","0.9992","true","false","true","retain","refactor","refactor","repository evidence + live HTTP + live browser","3 images lack width/height"
"canonical:/blog/dental-recall-automation-uk-2026","blog/dental-recall-automation-uk-2026.html","blog","/blog/dental-recall-automation-uk-2026","https://silverstone-ai.com/blog/dental-recall-automation-uk-2026","Dental Recall Automation for UK Practices | Silverstone AI","Dental Recall Automation for UK Practices: Fill More Hygiene Appointments and Reduce DNAs in 2026","A practical guide for UK dental practices on automating recalls, reminders, and DNA follow-up to fill more hygiene appointments and reduce reception workload.","1958","30649","BlogPosting | BreadcrumbList | ImageObject | ListItem | Organization | WebPage","true","yes","200","https://silverstone-ai.com/blog/dental-recall-automation-uk-2026","1","0","false","3","21","blog/post-purchase-automation-uk-ecommerce-repeat-customers.html","0.995","true","false","true","retain","refactor","refactor","repository evidence + live HTTP + live browser","3 images lack width/height"
"canonical:/blog/dm-to-client-automation-uk-fitness-coaches-2026","blog/dm-to-client-automation-uk-fitness-coaches-2026.html","blog","/blog/dm-to-client-automation-uk-fitness-coaches-2026","https://silverstone-ai.com/blog/dm-to-client-automation-uk-fitness-coaches-2026","DM Automation for UK Fitness Coaches | Silverstone AI","3-Step DM-to-Client Automation for UK Fitness Coaches: Close More Clients Without Living in Your Inbox","A practical 3-step system for UK fitness coaches to turn Instagram DMs into booked calls or paid clients with faster replies and compliant follow-up.","2031","30798","BlogPosting | BreadcrumbList | ImageObject | ListItem | Organization | WebPage","true","yes","200","https://silverstone-ai.com/blog/dm-to-client-automation-uk-fitness-coaches-2026","1","0","false","3","22","blog/dental-recall-automation-uk-2026.html","0.9945","true","false","true","retain","refactor","refactor","repository evidence + live HTTP + live browser","3 images lack width/height"
"canonical:/blog/estate-agent-viewing-confirmations-uk","blog/estate-agent-viewing-confirmations-uk.html","blog","/blog/estate-agent-viewing-confirmations-uk","https://silverstone-ai.com/blog/estate-agent-viewing-confirmations-uk","Estate Agent Viewing Confirmations | Silverstone AI","How small UK estate agents can use automated viewing confirmations to cut no-shows and win instructions","A practical guide for small UK estate agents to implement automated viewing confirmations, reduce no-shows, improve diary utilisation, and speed vendor follow-up.","1618","31799","BlogPosting | BreadcrumbList | ImageObject | ListItem | Organization","true","yes","200","https://silverstone-ai.com/blog/estate-agent-viewing-confirmations-uk","1","0","false","2","18","blog/dental-intake-e-consent-automation-uk.html","0.9992","true","false","true","retain","refactor","refactor","repository evidence + live HTTP + live browser","3 images lack width/height"
"canonical:/blog/gym-booking-automation-uk-gyms-studios-2026","blog/gym-booking-automation-uk-gyms-studios-2026.html","blog","/blog/gym-booking-automation-uk-gyms-studios-2026","https://silverstone-ai.com/blog/gym-booking-automation-uk-gyms-studios-2026","Gym Booking Automation for UK Studios | Silverstone AI","How to fill more classes and cut no-shows: a practical automation guide for UK gyms and studios","A practical guide for UK gyms and studios on using booking automation, waitlists, reminders, and rebooking journeys to fill more classes and reduce no-shows.","2049","30512","BlogPosting | BreadcrumbList | ImageObject | ListItem | Organization | WebPage","true","yes","200","https://silverstone-ai.com/blog/gym-booking-automation-uk-gyms-studios-2026","1","0","false","3","21","blog/quote-chase-automation-uk-trades-accepted-jobs-2026.html","0.9943","true","false","true","retain","refactor","refactor","repository evidence + live HTTP + live browser","3 images lack width/height"
"canonical:/blog/post-purchase-automation-uk-ecommerce-repeat-customers","blog/post-purchase-automation-uk-ecommerce-repeat-customers.html","blog","/blog/post-purchase-automation-uk-ecommerce-repeat-customers","https://silverstone-ai.com/blog/post-purchase-automation-uk-ecommerce-repeat-customers","Post-Purchase Automation for UK eCommerce | Silverstone AI","Post‑Purchase Automation for UK eCommerce: 7 Simple Systems That Turn One‑Time Buyers into Repeat Customers","A practical UK guide to seven post-purchase automations that recover lost revenue, reduce support load, and turn first orders into repeat customers.","1987","30790","BlogPosting | BreadcrumbList | ImageObject | ListItem | Organization | WebPage","true","yes","200","https://silverstone-ai.com/blog/post-purchase-automation-uk-ecommerce-repeat-customers","1","0","false","3","21","blog/ai-etas-smart-scheduling-uk-trades-2026.html","0.9975","true","false","true","retain","refactor","refactor","repository evidence + live HTTP + live browser","3 images lack width/height"
"canonical:/blog/quote-chase-automation-uk-trades-accepted-jobs-2026","blog/quote-chase-automation-uk-trades-accepted-jobs-2026.html","blog","/blog/quote-chase-automation-uk-trades-accepted-jobs-2026","https://silverstone-ai.com/blog/quote-chase-automation-uk-trades-accepted-jobs-2026","Quote Chase Automation for UK Trades | Silverstone AI","Quote Chase Automation for UK Trades: Win More Accepted Jobs Without Spending Evenings on Follow-Ups","A practical guide for UK trades firms on automating quote follow-up, reducing admin, and recovering more accepted jobs without spending evenings chasing.","1866","27759","BlogPosting | BreadcrumbList | ImageObject | ListItem | Organization","true","yes","200","https://silverstone-ai.com/blog/quote-chase-automation-uk-trades-accepted-jobs-2026","1","0","false","2","20","blog/ai-etas-smart-scheduling-uk-trades-2026.html","0.9968","true","false","true","retain","refactor","refactor","repository evidence + live HTTP + live browser","3 images lack width/height; search-intent overlap requires migration-owner decision"
"canonical:/blog/quote-follow-up-automation-uk-trades-2026","blog/quote-follow-up-automation-uk-trades-2026.html","blog","/blog/quote-follow-up-automation-uk-trades-2026","https://silverstone-ai.com/blog/quote-follow-up-automation-uk-trades-2026","Quote Follow-Up Automation for UK Trades | Silverstone AI","Quote Follow-Up Automation for UK Trades: Win More Jobs Without Chasing Every Lead Yourself","A practical guide to quote follow-up automation for UK trades businesses in 2026, covering reminders, missed-call capture, compliance, rollout steps, and ROI.","2026","29795","BlogPosting | BreadcrumbList | ImageObject | ListItem | Organization | WebPage","true","yes","200","https://silverstone-ai.com/blog/quote-follow-up-automation-uk-trades-2026","1","0","false","3","21","blog/quote-chase-automation-uk-trades-accepted-jobs-2026.html","0.9965","true","false","true","retain","refactor","refactor","repository evidence + live HTTP + live browser","3 images lack width/height; search-intent overlap requires migration-owner decision"
