path,template_component,live_http,h1_raw_html,main_chars,metadesc_len,canonical_selfref,robots,ld_types,cards_referencing
/,routes/company/home-v2.tsx,200,1,10679,132,True,"index, follow",BreadcrumbList|ImageObject|ListItem|Organization|PostalAddress|WebPage|WebSite,14
/about,routes/templates/core-marketing-page.tsx,200,1,2641,144,True,"index, follow",AboutPage|BreadcrumbList|ListItem,13
/blog,routes/templates/route-page-frame.tsx,200,1,16244,106,True,"index, follow",BreadcrumbList|CollectionPage|ListItem,13
/blog/ai-automation-consulting-guide,routes/templates/article-page.tsx,200,1,10910,139,True,"index, follow",BlogPosting|BreadcrumbList|ImageObject|ListItem|Organization,13
/blog/ai-automation-consulting-smarter-operating-system,routes/templates/article-page.tsx,200,1,11083,133,True,"index, follow",BlogPosting|BreadcrumbList|ImageObject|ListItem|Organization,13
/blog/ai-estate-agents-systems-agencies,routes/templates/article-page.tsx,200,1,10747,150,True,"index, follow",BlogPosting|BreadcrumbList|ImageObject|ListItem|Organization,13
/blog/ai-receptionist-setup-guide,routes/templates/article-page.tsx,200,1,11032,145,True,"index, follow",BlogPosting|BreadcrumbList|ImageObject|ListItem|Organization,16
/blog/ai-receptionist-small-business-guide,routes/templates/article-page.tsx,200,1,11989,138,True,"index, follow",BlogPosting|BreadcrumbList|ImageObject|ListItem|Organization,13
/blog/ai-trades-operating-system-websites-automation,routes/templates/article-page.tsx,200,1,9720,159,True,"index, follow",BlogPosting|BreadcrumbList|ImageObject|ListItem|Organization,13
/blog/ai-voice-agent-buyers-guide,routes/templates/article-page.tsx,200,1,11197,149,True,"index, follow",BlogPosting|BreadcrumbList|ImageObject|ListItem|Organization,13
/blog/ai-voice-agent-development,routes/templates/article-page.tsx,200,1,13695,136,True,"index, follow",BlogPosting|BreadcrumbList|ImageObject|ListItem|Organization,13
/blog/ai-voice-agent-out-of-hours,routes/templates/article-page.tsx,200,1,13746,144,True,"index, follow",BlogPosting|BreadcrumbList|ImageObject|ListItem|Organization,12
/blog/automate-no-show-follow-up,routes/templates/article-page.tsx,200,1,12904,144,True,"index, follow",BlogPosting|BreadcrumbList|ImageObject|ListItem|Organization,12
/blog/bespoke-app-development-guide,routes/templates/article-page.tsx,200,1,9209,139,True,"index, follow",BlogPosting|BreadcrumbList|ImageObject|ListItem|Organization,12
/blog/build-a-prototype-instead,routes/templates/article-page.tsx,200,1,11674,151,True,"index, follow",BlogPosting|BreadcrumbList|ImageObject|ListItem|Organization,12
/blog/content-creation-framework,routes/templates/article-page.tsx,200,1,11773,143,True,"index, follow",BlogPosting|BreadcrumbList|ImageObject|ListItem|Organization,12
/blog/content-creation-system-should-build-not,routes/templates/article-page.tsx,200,1,10711,148,True,"index, follow",BlogPosting|BreadcrumbList|ImageObject|ListItem|Organization,12
/blog/conversion-focused-website-planning,routes/templates/article-page.tsx,200,1,9819,159,True,"index, follow",BlogPosting|BreadcrumbList|ImageObject|ListItem|Organization,12
/blog/dental-practice-automation-guide,routes/templates/article-page.tsx,200,1,11338,152,True,"index, follow",BlogPosting|BreadcrumbList|ImageObject|ListItem|Organization,12
/blog/ecommerce-ai-systems-guide,routes/templates/article-page.tsx,200,1,11198,136,True,"index, follow",BlogPosting|BreadcrumbList|ImageObject|ListItem|Organization,12
/blog/ecommerce-brands-websites-apps-ai-systems,routes/templates/article-page.tsx,200,1,11401,132,True,"index, follow",BlogPosting|BreadcrumbList|ImageObject|ListItem|Organization,12
/blog/estate-agent-automation-guide,routes/templates/article-page.tsx,200,1,10270,157,True,"index, follow",BlogPosting|BreadcrumbList|ImageObject|ListItem|Organization,11
/blog/fitness-coach-enquiry-automation,routes/templates/article-page.tsx,200,1,10033,138,True,"index, follow",BlogPosting|BreadcrumbList|ImageObject|ListItem|Organization,12
/blog/gym-automation-operating-model,routes/templates/article-page.tsx,200,1,11331,154,True,"index, follow",BlogPosting|BreadcrumbList|ImageObject|ListItem|Organization,11
/blog/gym-membership-freeze-automation-myths,routes/templates/article-page.tsx,200,1,12985,136,True,"index, follow",BlogPosting|BreadcrumbList|ImageObject|ListItem|Organization,12
/blog/homepage-first-redesigns-misdiagnose-conversion,routes/templates/article-page.tsx,200,1,9620,141,True,"index, follow",BlogPosting|BreadcrumbList|ImageObject|ListItem|Organization,12
/blog/hospitality-automation-guide,routes/templates/article-page.tsx,200,1,10189,137,True,"index, follow",BlogPosting|BreadcrumbList|ImageObject|ListItem|Organization,12
/blog/hospitality-automation-smes-build-first,routes/templates/article-page.tsx,200,1,11735,163,True,"index, follow",BlogPosting|BreadcrumbList|ImageObject|ListItem|Organization,12
/blog/how-dental-practices-should-run,routes/templates/article-page.tsx,200,1,12485,138,True,"index, follow",BlogPosting|BreadcrumbList|ImageObject|ListItem|Organization,12
/blog/physio-chiropractic-ai-guide,routes/templates/article-page.tsx,200,1,14012,138,True,"index, follow",BlogPosting|BreadcrumbList|ImageObject|ListItem|Organization,12
/blog/salon-automation-salons-barbers-first-should,routes/templates/article-page.tsx,200,1,10391,123,True,"index, follow",BlogPosting|BreadcrumbList|ImageObject|ListItem|Organization,9
/blog/salon-barber-ai-guide,routes/templates/article-page.tsx,200,1,9931,137,True,"index, follow",BlogPosting|BreadcrumbList|ImageObject|ListItem|Organization,12
/blog/small-business-ai-automation,routes/templates/article-page.tsx,200,1,10897,155,True,"index, follow",BlogPosting|BreadcrumbList|ImageObject|ListItem|Organization,12
/blog/small-business-app-development,routes/templates/article-page.tsx,200,1,11615,140,True,"index, follow",BlogPosting|BreadcrumbList|ImageObject|ListItem|Organization,8
/blog/small-business-web-development,routes/templates/article-page.tsx,200,1,11291,157,True,"index, follow",BlogPosting|BreadcrumbList|ImageObject|ListItem|Organization,11
/blog/trades-websites-ai-automation,routes/templates/article-page.tsx,200,1,11405,151,True,"index, follow",BlogPosting|BreadcrumbList|ImageObject|ListItem|Organization,9
/blog/workflow-automation-selection-guide,routes/templates/article-page.tsx,200,1,12649,145,True,"index, follow",BlogPosting|BreadcrumbList|ImageObject|ListItem|Organization,9
/book,routes/templates/core-marketing-page.tsx,200,1,2578,107,True,"index, follow",BreadcrumbList|ListItem|WebPage,12
/how-we-work,routes/templates/core-marketing-page.tsx,200,1,3579,107,True,"index, follow",BreadcrumbList|ListItem|WebPage,12
/industry,routes/industries/index.tsx,200,1,3827,131,True,"index, follow",BreadcrumbList|CollectionPage|ListItem,11
/industry/dentists,routes/templates/industry-page.tsx,200,1,5234,170,True,"index, follow",BreadcrumbList|BusinessAudience|Country|ListItem|Organization|Service,12
/industry/ecommerce,routes/templates/industry-page.tsx,200,1,5478,163,True,"index, follow",BreadcrumbList|BusinessAudience|Country|ListItem|Organization|Service,11
/industry/estate-agents,routes/templates/industry-page.tsx,200,1,5454,171,True,"index, follow",BreadcrumbList|BusinessAudience|Country|ListItem|Organization|Service,12
/industry/fitness-coaches,routes/templates/industry-page.tsx,200,1,5073,158,True,"index, follow",BreadcrumbList|BusinessAudience|Country|ListItem|Organization|Service,12
/industry/gyms-fitness-studios,routes/templates/industry-page.tsx,200,1,5447,160,True,"index, follow",BreadcrumbList|BusinessAudience|Country|ListItem|Organization|Service,12
/industry/hospitality,routes/templates/industry-page.tsx,200,1,5332,173,True,"index, follow",BreadcrumbList|BusinessAudience|Country|ListItem|Organization|Service,12
/industry/physios-chiropractors,routes/templates/industry-page.tsx,200,1,5194,148,True,"index, follow",BreadcrumbList|BusinessAudience|Country|ListItem|Organization|Service,13
/industry/salons-barbers,routes/templates/industry-page.tsx,200,1,5422,164,True,"index, follow",BreadcrumbList|BusinessAudience|Country|ListItem|Organization|Service,11
/industry/trades,routes/templates/industry-page.tsx,200,1,5327,157,True,"index, follow",BreadcrumbList|BusinessAudience|Country|ListItem|Organization|Service,12
/pricing,routes/templates/core-marketing-page.tsx,200,1,3030,117,True,"index, follow",BreadcrumbList|ListItem|WebPage,12
/privacy-policy,routes/templates/core-marketing-page.tsx,200,1,2492,105,True,"noindex,nofollow",BreadcrumbList|ListItem|WebPage,1
/services,routes/templates/service-page.tsx,200,1,2811,136,True,"index, follow",BreadcrumbList|CollectionPage|ListItem,12
/services/ai-automation,routes/templates/service-page.tsx,200,1,4107,158,True,"index, follow",BreadcrumbList|BusinessAudience|Country|ListItem|Organization|Service,12
/services/ai-consulting,routes/templates/service-page.tsx,200,1,4197,150,True,"index, follow",BreadcrumbList|BusinessAudience|Country|ListItem|Organization|Service,13
/services/ai-receptionists,routes/templates/service-page.tsx,200,1,6632,152,True,"index, follow",BreadcrumbList|BusinessAudience|Country|ListItem|Organization|Service,14
/services/ai-voice-agents,routes/templates/service-page.tsx,200,1,5217,165,True,"index, follow",BreadcrumbList|BusinessAudience|Country|ListItem|Organization|Service,11
/services/app-development,routes/templates/service-page.tsx,200,1,4231,167,True,"index, follow",BreadcrumbList|BusinessAudience|Country|ListItem|Organization|Service,14
/services/content-creation,routes/templates/service-page.tsx,200,1,4200,155,True,"index, follow",BreadcrumbList|BusinessAudience|Country|ListItem|Organization|Service,15
/services/web-design-development,routes/templates/service-page.tsx,200,1,5820,169,True,"index, follow",BreadcrumbList|BusinessAudience|Country|ListItem|Organization|Service,12
