desktop_filename,mobile_filename,page,copy_next_to_image
services_consulting-640.jpg,services_consulting_mobile-640.jpg,https://silverstone-ai.com/,Explore consulting
services_lead_followup-640.jpg,services_lead_followup_mobile-640.jpg,https://silverstone-ai.com/,Automate follow-up
services_workflow_automation-640.jpg,services_workflow_automation_mobile-640.jpg,https://silverstone-ai.com/,Streamline workflows
services_data_integration-640.jpg,services_data_integration_mobile-640.jpg,https://silverstone-ai.com/,Connect your stack
Silverstone_28-640.jpg,,https://silverstone-ai.com/about,"Our Mission — Silverstone AI helps UK small businesses run with the clarity, consistency, and commercial control of a much larger team. We design practical automation around the way your people already work, so every workflow feels measured, brand-safe, and immediately useful rather than bolted on for the sake of novelty. Our mission is to replace scattered manual tasks with a calmer operating rhythm: faster first response, cleaner handoffs, fewer dropped opportunities, and more time for the work only your team should own. The result is premium in feel but practical in delivery, giving ambitious businesses a stronger foundation for sustainable growth."
Silverstone_22-640.jpg,,https://silverstone-ai.com/about,"Our Story — Founded by a team of technologists and entrepreneurs, Silverstone AI was born out of a desire to help small businesses harness the power of automation without the complexity. We saw how inefficient processes, manual tasks and disconnected systems were holding organisations back and decided to build a better way. Today, we partner closely with clients across industries - from professional services and manufacturing to retail and healthcare - to identify bottlenecks, remove friction and implement smart systems that work seamlessly together. Our bespoke approach ensures that every solution fits your business like a glove, delivering measurable results and empowering your people."
general-services-1-960.jpg,general-services-1-mobile-768.jpg,https://silverstone-ai.com/services,"Where leads and time leak. When calls hit during service, inboxes pile up overnight, and bookings rely on manual chasing, revenue slips before your team can catch it. Unanswered calls and slow replies cost ready-to-buy leads. Prospects expect a fast answer across phone, forms, and messaging. Manual booking and follow-up creates weak handovers and dropped tasks. No-shows and late cancellations leave gaps you cannot refill fast enough."
general-services-2a-960.jpg,general-services-2a-mobile-768.jpg,https://silverstone-ai.com/services,"Start small. Prove ROI. Scale. Each pack fixes one costly bottleneck first, then gives you a clean base to expand without rebuilding from scratch. What every pack includes: Always-on enquiry capture across web, messaging, and phone where relevant. Qualification that routes strong leads and filters noise. Booking, confirmations, and reminders that cut no-shows. Follow-up flows for quotes, viewings, rebookings, and renewals."
general-services-2b-960.jpg,general-services-2b-mobile-768.jpg,https://silverstone-ai.com/services,"Extend the core workflow. Once the revenue-critical flow is fixed, we can layer in the supporting automations that remove more admin and sharpen reporting. Marketing automation for campaigns, content repurposing, and nurture flows. Workflow and data automation for scheduling, dashboards, and handoffs. Document and finance automation for OCR, invoicing, and reconciliation. System integration with APIs, n8n, and Zapier to remove rekeying. Practical AI advisory on tools, agents, and rollout risk."
general-services-3-960.jpg,general-services-3-mobile-768.jpg,https://silverstone-ai.com/services,"What changes after launch. Once the basics run automatically, teams respond faster, stay organised, and stop relying on memory to keep revenue moving. More enquiries convert because first response is immediate and consistent. Fewer no-shows thanks to confirmations, reminders, and easier reschedules. Less admin spent copying, chasing, and moving bookings around. Clearer visibility over what is booked, pending, and needs a person."
Real_Estate_1-960.jpg,Real_Estate_1_Mobile-768.jpg,https://silverstone-ai.com/services/estate-agents,"Where instructions slip away. When viewings, calls, and inboxes stack up, buyers and vendors hear from another agent first. Portal leads and calls stack up while the team is out on viewings. Missed calls turn into lost instructions because sellers ring the next agent. Shared inboxes fill with unread buyer, tenant, and landlord messages. Warm leads cool off when out-of-hours follow-up waits until tomorrow."
Real_Estate_2-960.jpg,Real_Estate_2_Mobile-768.jpg,https://silverstone-ai.com/services/estate-agents,"Reply first. Book faster. We connect portals, website, phone, and CRM so every enquiry is acknowledged, triaged, and moved into the diary fast. 24/7 capture of portal, website, and missed-call enquiries. Triage that separates casual browsers from serious buyers and sellers. Diary integration that offers live viewing and valuation slots. Follow-up sequences for confirmations, feedback, and next steps."
Real_Estate_3-960.jpg,Real_Estate_3_Mobile-768.jpg,https://silverstone-ai.com/services/estate-agents,"Less chasing. More instructions. Automation keeps buyers, tenants, landlords, and vendors warm while negotiators stay in revenue work. More valuations and instructions because you reply first. Higher viewing attendance and fewer wasted diary slots. Negotiators spend more time closing and less time chasing. Cleaner pipeline visibility with every enquiry logged and tagged."
Hospitality_1-960.jpg,Hospitality_1_Mobile-768.jpg,https://silverstone-ai.com/services/hospitality,"Where bookings get lost. When service is busy, unanswered calls, DMs, and late confirmations turn straight into empty tables and rooms. Phones ring during service while staff are already with guests. Simple questions eat hours that should stay on the floor. Online enquiries and DMs sit unanswered when teams are stretched. No-shows punch revenue gaps with little chance to resell the slot."
Hospitality_2-960.jpg,Hospitality_2_Mobile-768.jpg,https://silverstone-ai.com/services/hospitality,"A digital front desk, 24/7. This concierge layer answers common questions, captures bookings, and sends the confirmations guests need to show up. Multichannel answers for opening times, menus, allergens, and directions. Booking capture from website and messaging into your existing systems. Automatic confirmations and reminders that cut no-shows. Review invites and feedback routing after the visit."
Hospitality_3-960.jpg,Hospitality_3_Mobile-768.jpg,https://silverstone-ai.com/services/hospitality,Less firefighting. More covers. Automation keeps enquiries moving while your team stays focused on guests. Fewer missed calls and messages turn into lost bookings. Lower no-show rates thanks to consistent reminders. Front-of-house staff stay with guests instead of tied to the phone. Managers see enquiry volume and booking patterns more clearly.
Salon_1-960.jpg,Salon_1_Mobile-768.jpg,https://silverstone-ai.com/services/salons-barbers,"Where diary revenue leaks. When stylists are with clients, missed calls, late cancellations, and weak rebooking leave money in the chair. No-shows and late cancellations leave paid time unused. Calls ring while the team is busy with clients in the chair. Breaks and evenings disappear into reminders and reschedules. Rebooking and upsell prompts happen inconsistently."
salon-2-960.jpg,salon-2-mobile-768.jpg,https://silverstone-ai.com/services/salons-barbers,"Keep columns full quietly. This bundle reduces no-shows, refills cancellations, and nudges repeat visits without adding front-desk load. Automated reminders with easy reschedule links. Cancellation flows that offer freed-up slots to waiting clients. Quick answers for common questions on prices, hours, and locations. Rebooking and lapsed-client nudges that bring people back."
salon-3-960.jpg,salon-3-mobile-768.jpg,https://silverstone-ai.com/services/salons-barbers,"Less admin. Fuller days. Consistent confirmations, reminders, and rebooking prompts keep more appointments happening on time. Fewer no-shows and more of the day filled with paying clients. Less manual chasing and rescheduling for owners and reception. Higher rebooking rates and steadier monthly revenue. Owners can step away from the desk without missing demand."
Trades_1-960.jpg,Trades_1_Mobile-768.jpg,https://silverstone-ai.com/services/trades,"Stop losing work on the first ring. When calls arrive on site or after hours, the jobs you wanted most go to whoever answers first. Calls come in on site, in the van, or mid-job and go unanswered. Most callers do not leave voicemail. They ring the next trade. Quotes get written late and chased inconsistently. Weekends disappear into catch-up admin."
Trades_2-960.jpg,Trades_2_Mobile-768.jpg,https://silverstone-ai.com/services/trades,"Your virtual office on site. This bundle captures calls, triages jobs, and chases quotes so the right work keeps moving even when you are busy. Call capture that sends callers an immediate confirmation. Triage that separates urgent work from routine jobs. Automatic quote follow-up that keeps jobs from going cold. Simple scheduling flows based on how you actually work."
Trades_3-960.jpg,Trades_3_Mobile-768.jpg,https://silverstone-ai.com/services/trades,Book more jobs. Fewer late nights. Automation captures better calls and keeps quotes moving without burying you in admin. More of the right jobs get booked because fewer good calls are missed. Less time spent writing and chasing quotes manually. A clearer view of upcoming work and availability. Evenings stay freer from paperwork and catch-up admin.
eComm_1-960.jpg,eComm_1_Mobile-768.jpg,https://silverstone-ai.com/services/ecommerce,Where growth gets stuck. You already pay for demand. The missed opportunity is converting more visitors and bringing more first-time buyers back. Most visitors abandon basket before they buy. Support teams lose time on the same shipping and returns questions. Repeat-purchase journeys stay on the to-do list instead of going live. Data sits across too many tools to see what is actually working.
eComm_2-960.jpg,eComm_2_Mobile-768.jpg,https://silverstone-ai.com/services/ecommerce,"Recover carts. Grow retention. This bundle connects your store, email, and messaging tools to recover revenue and support buyers faster. Abandoned-cart journeys with sensible timing and offers. FAQ and order-status support that cuts simple tickets fast. Post-purchase flows that educate, cross-sell, and invite the next order. Dashboards for recovered revenue, repeat orders, and flow engagement."
eComm_3-960.jpg,eComm_3_Mobile-768.jpg,https://silverstone-ai.com/services/ecommerce,"Turn automation into margin. Recover more checkout revenue, speed up support, and build repeat-purchase habits without adding headcount. Higher revenue from traffic and ad spend you already fund. Faster answers for customers with simple questions. More buyers coming back for a second and third order. Founders spend more time on product, brand, and partnerships."
physio-1-960.jpg,physio-1-mobile-768.jpg,https://silverstone-ai.com/services/physios-chiropractors,"Where clinic time leaks. When intake, reminders, and rebooking are inconsistent, diaries open up and patients drift off plan. New patients arrive without forms or the right prep. No-shows and short-notice cancellations leave hard-to-fill gaps. Clinicians lose time chasing rebookings and basic questions. Patients drop off plan when next steps are not reinforced clearly."
Physio_2-960.jpg,Physio_2_Mobile-768.jpg,https://silverstone-ai.com/services/physios-chiropractors,"Intake and rebooking in sync. This clinic-ready bundle tightens pre-visit prep, reminders, and follow-up without changing your care model. Digital intake forms that go out as soon as a patient books. Triage questions that steer patients to the right clinician or service. Reminders with prep guidance and easy reschedule options. Rebooking nudges that keep treatment plans moving."
physio-3-960.jpg,physio-3-mobile-768.jpg,https://silverstone-ai.com/services/physios-chiropractors,"Support outcomes and utilisation. Reduce DNAs, improve preparation, and keep treatment plans moving with less admin. Fewer no-shows and short-notice cancellations. Clinicians start with the right information already captured. More patients understand and complete their treatment plan. Teams get clearer visibility on active, drifting, and lapsed patients."
dentist-1-960.jpg,dentist-1-mobile-768.jpg,https://silverstone-ai.com/services/dentists,Where chair time leaks. Loose recall and inconsistent reminders leave hygiene capacity empty and overdue patients untouched. Recall lists live in spreadsheets or outdated systems. Reception spends hours filling hygiene gaps by hand. DNAs and cancellations leave chair time unsold. Teams cannot see who is overdue and worth prioritising.
dentist-2-960.jpg,dentist-2-mobile-768.jpg,https://silverstone-ai.com/services/dentists,"Structured recall, less chasing. This bundle keeps due patients moving, reminds them on time, and helps reception fill gaps with the right people. Automated recall prompts by due date and contact preference. Confirm-or-reschedule reminders without heavy phone work. Priority nudges for overdue or high-risk patients. Reporting on recall engagement, DNAs, and hygiene uptake."
dentist-3-960.jpg,dentist-3-mobile-768.jpg,https://silverstone-ai.com/services/dentists,"Keep chairs consistently full. Measured reminders and rebooking flows reduce DNAs without overloading reception. Fewer empty chair slots from DNAs and late cancellations. More patients kept on regular recall cycles. Hygienists run fuller, better-planned books. Reception gains clearer visibility on overdue patients."
gyms-1-960.jpg,gyms-1-mobile-768.jpg,https://silverstone-ai.com/services/gyms-fitness-studios,"Where retention slips. Member data shows who is drifting, but without structured follow-up, churn keeps winning. New members join, then quietly drop off within months. Attendance data exists, but nobody acts on it consistently. Check-ins happen sporadically instead of through a clear journey. Win-back campaigns rarely launch because ops always comes first."
gyms-2-960.jpg,gyms-2-mobile-768.jpg,https://silverstone-ai.com/services/gyms-fitness-studios,"Retention triggers that actually run. This bundle uses your attendance and membership data to spot risk early and launch supportive journeys automatically. Onboarding journeys that drive early visits and habit-building. Attendance triggers that flag members who have gone quiet. Supportive check-ins for at-risk members before they cancel. Reporting on churn, engagement, and journey impact."
gyms-3-960.jpg,gyms-3-mobile-768.jpg,https://silverstone-ai.com/services/gyms-fitness-studios,"Turn engagement into retention. Consistent onboarding, check-ins, and win-back journeys keep more members paying for longer. More members stay longer, lifting lifetime value. At-risk members get contacted before they disappear. Coaches focus on sessions instead of chasing absences. Revenue becomes less dependent on constant new sign-ups."
onlinecoach-1-960.jpg,onlinecoach-1-mobile-768.jpg,https://silverstone-ai.com/services/fitness-coaches,"Where leads go cold. When DMs, comments, and emails pile up, warm prospects lose momentum before you ever qualify them. Your inbox fills faster than you can prioritise it. Voice notes, comments, and email leads live in different places. Slow replies kill momentum for warm prospects. Onboarding is manual and slightly different every time."
onlinecoach-2-960.jpg,onlinecoach-2-mobile-768.jpg,https://silverstone-ai.com/services/fitness-coaches,"Turn DMs into a pipeline. This system sends first replies, asks fit questions, and routes serious prospects to the next step. Fast first-response messages for coaching and offer enquiries. Screening questions for goals, timing, budget, and fit. Routing to application forms, booking links, or direct checkout. Simple tagging so you know who to prioritise next."
onlinecoach-3-960.jpg,onlinecoach-3-mobile-768.jpg,https://silverstone-ai.com/services/fitness-coaches,"Protect your energy and revenue. Automation handles the repetitive conversion work so you can coach, create, and close with focus. More warm DMs turn into applications, calls, and sales. Replies stay fast without you living on your phone. You get a clearer view of serious leads in the pipeline. More time stays protected for coaching, content, and training."