"route_id","legacy_route_key","path","route_group","template","lifecycle","canonical","title","description","h1","heading_plan_status","production_indexable","sitemap","source_file","content_id","content_status","claims_status","unresolved_notes"
"route-home","canonical:/","/","company","core-marketing","retained","https://silverstone-ai.com/","Silverstone AI - AI Automation for UK Small Businesses","Silverstone AI helps UK small businesses automate calls, lead follow-up, bookings, and back-office workflows with practical AI systems.","Silverstone AI for UK Small Businesses — Calls, Bookings & Lead Follow-Up Silverstone AI for UK Small Businesses","pending content migration","true","true","index.html","content-home","rewrite","evidence-pending",""
"route-about","canonical:/about","/about","company","core-marketing","retained","https://silverstone-ai.com/about","About Us | Silverstone AI","Learn how Silverstone AI helps UK small businesses grow with practical automation, faster response times, and tailored support.","About Silverstone AI","pending content migration","true","true","about.html","content-about","retain","review-pending",""
"route-services","canonical:/services","/services","services","service","retained","https://silverstone-ai.com/services","AI Automation Services by Industry | Silverstone AI","Browse Silverstone AI automation services by industry for UK SMEs, from estate agents and hospitality to trades, eCommerce, clinics, dentists, gyms, and coaches.","Silverstone AI services, organised by industry.","pending content migration","true","true","services.html","content-services","refactor","review-pending",""
"route-pricing","canonical:/pricing","/pricing","conversion","core-marketing","retained","https://silverstone-ai.com/pricing","AI Automation Pricing | Silverstone AI","Compare AI automation pricing for UK small businesses: Silverstone AI flagship packs, industry-specific modules, and bundle pricing across nine industries.","Silverstone AI Automation Pricing for UK Small Businesses","pending content migration","true","true","pricing.html","content-pricing","refactor","review-pending",""
"route-blog","canonical:/blog","/blog","blog","core-marketing","retained","https://silverstone-ai.com/blog","AI Automation Guides | Silverstone AI","Read Silverstone AI guides on lead handling, bookings, reminders, and practical automation workflows for UK small businesses.","Silverstone AI guides for small business teams","pending content migration","true","true","blog.html","content-blog","refactor","review-pending",""
"route-book","canonical:/book","/book","conversion","core-marketing","retained","https://silverstone-ai.com/book","Book an Automation Audit | Silverstone AI","Book a free 30-minute automation audit with Silverstone AI to uncover quick wins and plan practical next steps.","Book your Silverstone AI automation audit","pending content migration","true","true","book.html","content-book","retain","review-pending",""
"route-contact","canonical:/contact","/contact","conversion","core-marketing","retained","https://silverstone-ai.com/contact","Contact Us | Silverstone AI","Contact Silverstone AI to discuss automation for your business, request support, or ask about services, pricing, and implementation.","Contact Silverstone AI","pending content migration","true","true","contact.html","content-contact","retain","review-pending",""
"route-privacy-policy","canonical:/privacy-policy","/privacy-policy","legal","core-marketing","retained","https://silverstone-ai.com/privacy-policy","Privacy Policy | Silverstone AI","Read the Silverstone AI privacy policy to understand how we collect, use, and protect your personal data.","Privacy Policy","pending content migration","true","true","privacy-policy.html","content-privacy-policy","refactor","review-pending",""
"route-services-dentists","canonical:/services/dentists","/services/dentists","industries","industry","retained","https://silverstone-ai.com/services/dentists","AI Automation for Dentists | Silverstone AI","Silverstone AI helps UK dental practices automate recall, reduce DNAs, and keep treatment books full with practical AI follow-up.","Dentists: never let recall slip through the cracks.","pending content migration","true","true","services/dentists.html","content-services-dentists","rewrite","evidence-pending",""
"route-services-ecommerce","canonical:/services/ecommerce","/services/ecommerce","industries","industry","retained","https://silverstone-ai.com/services/ecommerce","AI Automation for eCommerce Brands | Silverstone AI","Silverstone AI helps UK eCommerce brands automate cart recovery, support, and post-purchase follow-up to increase repeat revenue.","eCommerce brands: turn more clicks into repeat customers.","pending content migration","true","true","services/ecommerce.html","content-services-ecommerce","rewrite","evidence-pending",""
"route-services-estate-agents","canonical:/services/estate-agents","/services/estate-agents","industries","industry","retained","https://silverstone-ai.com/services/estate-agents","AI Automation for Estate Agents | Silverstone AI","Silverstone AI helps UK estate agents automate lead capture, viewing follow-up, and landlord workflows so instructions move faster.","Estate agents: never miss a viewing or instruction again.","pending content migration","true","true","services/estate-agents.html","content-services-estate-agents","rewrite","evidence-pending",""
"route-services-fitness-coaches","canonical:/services/fitness-coaches","/services/fitness-coaches","industries","industry","retained","https://silverstone-ai.com/services/fitness-coaches","AI Automation for Fitness Coaches | Silverstone AI","Silverstone AI helps UK fitness coaches automate DMs, lead follow-up, and onboarding so more conversations turn into paid clients.","Fitness coaches: turn DMs into paying clients on autopilot.","pending content migration","true","true","services/fitness-coaches.html","content-services-fitness-coaches","rewrite","evidence-pending",""
"route-services-gyms-fitness-studios","canonical:/services/gyms-fitness-studios","/services/gyms-fitness-studios","industries","industry","retained","https://silverstone-ai.com/services/gyms-fitness-studios","AI Automation for Gyms & Fitness Studios | Silverstone AI","Silverstone AI helps UK gyms and studios automate member reactivation, trial follow-up, and booking journeys to improve retention.","Gyms & fitness studios: win back more members without extra ads.","pending content migration","true","true","services/gyms-fitness-studios.html","content-services-gyms-fitness-studios","rewrite","evidence-pending",""
"route-services-hospitality","canonical:/services/hospitality","/services/hospitality","industries","industry","retained","https://silverstone-ai.com/services/hospitality","AI Automation for Hospitality | Silverstone AI","Silverstone AI helps UK hospitality teams automate bookings, guest follow-up, and concierge enquiries to capture more revenue.","Hospitality: a guest concierge that never sleeps.","pending content migration","true","true","services/hospitality.html","content-services-hospitality","rewrite","evidence-pending",""
"route-services-physios-chiropractors","canonical:/services/physios-chiropractors","/services/physios-chiropractors","industries","industry","retained","https://silverstone-ai.com/services/physios-chiropractors","AI Automation for Physios & Chiropractors | Silverstone AI","Silverstone AI helps UK physio and chiropractic clinics automate intake, reminders, and rebooking to keep patients on plan.","Physios & chiropractors: keep diaries full and patients on plan.","pending content migration","true","true","services/physios-chiropractors.html","content-services-physios-chiropractors","rewrite","evidence-pending",""
"route-services-salons-barbers","canonical:/services/salons-barbers","/services/salons-barbers","industries","industry","retained","https://silverstone-ai.com/services/salons-barbers","AI Automation for Salons & Barbers | Silverstone AI","Silverstone AI helps UK salons and barbers automate rebooking, reminders, and review follow-up to keep chairs fuller.","Salons & barbers: fill more chairs automatically.","pending content migration","true","true","services/salons-barbers.html","content-services-salons-barbers","rewrite","evidence-pending",""
"route-services-trades","canonical:/services/trades","/services/trades","industries","industry","retained","https://silverstone-ai.com/services/trades","AI Automation for Trades | Silverstone AI","Silverstone AI helps UK trades businesses automate missed-call capture, quote follow-up, and scheduling so fewer jobs go cold.","Trades: never let the good jobs go to voicemail.","pending content migration","true","true","services/trades.html","content-services-trades","rewrite","evidence-pending",""
"route-blog-ai-appointment-reminders-uk-2026","canonical:/blog/ai-appointment-reminders-uk-2026","/blog/ai-appointment-reminders-uk-2026","blog","article","retained","https://silverstone-ai.com/blog/ai-appointment-reminders-uk-2026","AI Appointment Reminders for UK SMEs | Silverstone AI","AI appointment reminders help UK small businesses reduce no-shows, refill cancelled slots faster, and recover revenue without adding more manual admin.","AI Appointment Reminders for UK Small Businesses: Cut No-Shows and Recover Lost Revenue in 2026","pending content migration","true","true","blog/ai-appointment-reminders-uk-2026.html","content-blog-ai-appointment-reminders-uk-2026","refactor","review-pending",""
"route-blog-ai-automation-failures-uk-smes-2026","canonical:/blog/ai-automation-failures-uk-smes-2026","/blog/ai-automation-failures-uk-smes-2026","blog","article","retained","https://silverstone-ai.com/blog/ai-automation-failures-uk-smes-2026","Fix AI Automation Failures in UK SMEs | Silverstone AI","AI automation failures are holding back UK SMEs in 2026. Learn how to fix workflows, data handoffs, compliance gaps and weak ownership.","How UK SMEs Can Fix AI Automation Failures in 2026","pending content migration","true","true","blog/ai-automation-failures-uk-smes-2026.html","content-blog-ai-automation-failures-uk-smes-2026","refactor","review-pending",""
"route-blog-ai-automation-uk-gdpr-2026-sme-guide","canonical:/blog/ai-automation-uk-gdpr-2026-sme-guide","/blog/ai-automation-uk-gdpr-2026-sme-guide","blog","article","retained","https://silverstone-ai.com/blog/ai-automation-uk-gdpr-2026-sme-guide","AI Automation and UK GDPR: A 2026 SME Guide | Silverstone AI","AI automation UK GDPR guidance for UK SMEs in 2026: learn Article 22 risks, human review, vendor checks and safer rollout steps.","AI Automation and UK GDPR: A 2026 SME Guide","pending content migration","true","true","blog/ai-automation-uk-gdpr-2026-sme-guide.html","content-blog-ai-automation-uk-gdpr-2026-sme-guide","refactor","review-pending",""
"route-blog-ai-automations-physio-chiro-clinics-uk","canonical:/blog/ai-automations-physio-chiro-clinics-uk","/blog/ai-automations-physio-chiro-clinics-uk","blog","article","retained","https://silverstone-ai.com/blog/ai-automations-physio-chiro-clinics-uk","AI Automations for Physio Clinics | Silverstone AI","Practical AI automations for small physio and chiro clinics to cut missed sessions, improve treatment completion and save admin time with a 30–60 day rollout.","How small physio & chiro clinics can cut missed sessions and improve treatment completion with simple AI automations","pending content migration","true","true","blog/ai-automations-physio-chiro-clinics-uk.html","content-blog-ai-automations-physio-chiro-clinics-uk","refactor","review-pending",""
"route-blog-ai-booking-automation-uk-hospitality-2026","canonical:/blog/ai-booking-automation-uk-hospitality-2026","/blog/ai-booking-automation-uk-hospitality-2026","blog","article","retained","https://silverstone-ai.com/blog/ai-booking-automation-uk-hospitality-2026","AI Booking Automation for UK Hospitality | Silverstone AI","AI booking automation helps UK hospitality capture more reservations, cut no-shows and answer guests faster across phone, chat and email.","AI Booking Automation for UK Hospitality in 2026","pending content migration","true","true","blog/ai-booking-automation-uk-hospitality-2026.html","content-blog-ai-booking-automation-uk-hospitality-2026","rewrite","evidence-pending",""
"route-blog-ai-call-answering-trades-uk","canonical:/blog/ai-call-answering-trades-uk","/blog/ai-call-answering-trades-uk","blog","article","retained","https://silverstone-ai.com/blog/ai-call-answering-trades-uk","AI Call Answering for UK Trades | Silverstone AI","See how UK trades firms can use AI call answering to capture emergency jobs after hours, triage leads, and stop missed calls turning into lost revenue.","How UK Trades Businesses Can Use AI Call Answering to Stop After-Hours Emergency Jobs Going to Competitors","pending content migration","true","true","blog/ai-call-answering-trades-uk.html","content-blog-ai-call-answering-trades-uk","refactor","review-pending",""
"route-blog-ai-document-automation-uk-smes-2026","canonical:/blog/ai-document-automation-uk-smes-2026","/blog/ai-document-automation-uk-smes-2026","blog","article","retained","https://silverstone-ai.com/blog/ai-document-automation-uk-smes-2026","AI Document Automation for UK SMEs in 2026 | Silverstone AI","AI document automation helps UK SMEs cut admin, extract data from forms and invoices, and route work faster with accurate, compliant workflows.","AI Document Automation for UK SMEs in 2026","pending content migration","true","true","blog/ai-document-automation-uk-smes-2026.html","content-blog-ai-document-automation-uk-smes-2026","refactor","review-pending",""
"route-blog-ai-etas-smart-scheduling-uk-trades-2026","canonical:/blog/ai-etas-smart-scheduling-uk-trades-2026","/blog/ai-etas-smart-scheduling-uk-trades-2026","blog","article","retained","https://silverstone-ai.com/blog/ai-etas-smart-scheduling-uk-trades-2026","AI ETAs and Smart Scheduling for UK Trades | Silverstone AI","A practical guide for UK trades on using AI ETA automation and smart scheduling to reduce wasted drive time, improve response speed, and convert more enquiries.","How AI ETAs and Smart Scheduling Help UK Trades Win More Jobs and Cut Drive Time","pending content migration","true","true","blog/ai-etas-smart-scheduling-uk-trades-2026.html","content-blog-ai-etas-smart-scheduling-uk-trades-2026","refactor","review-pending",""
"route-blog-ai-guest-concierge-hotels-bbs-uk","canonical:/blog/ai-guest-concierge-hotels-bbs-uk","/blog/ai-guest-concierge-hotels-bbs-uk","blog","article","retained","https://silverstone-ai.com/blog/ai-guest-concierge-hotels-bbs-uk","AI Guest Concierge for Hotels and B&Bs | Silverstone AI","Practical 90‑day runbook for UK hotels and B&Bs to deploy a 24/7 AI guest‑concierge, with costs, ROI tips and a compact GDPR checklist for safe rollout.","How UK hotels and B&Bs can install a 24/7 AI guest‑concierge: a 90‑day checklist, costs and data‑risk","pending content migration","true","true","blog/ai-guest-concierge-hotels-bbs-uk.html","content-blog-ai-guest-concierge-hotels-bbs-uk","refactor","review-pending",""
"route-blog-ai-lead-capture-trades-uk-2026","canonical:/blog/ai-lead-capture-trades-uk-2026","/blog/ai-lead-capture-trades-uk-2026","blog","article","draft","https://silverstone-ai.com/blog/ai-lead-capture-trades-uk-2026","AI Lead Capture for Trades in the UK | Silverstone AI","AI lead capture trades helps UK firms answer more enquiries, book more jobs and cut missed calls with always-on automation in 2026.","AI Lead Capture for Trades in the UK: 2026 Guide","pending content migration","false","false","blog/ai-lead-capture-trades-uk-2026.html","content-blog-ai-lead-capture-trades-uk-2026","unresolved","review-pending","live canonical is trapped in a forced self-redirect loop; Google Analytics tag absent; 3 images lack width/height; search-intent overlap requires migration-owner decision; browser error: Browser Use cannot open https://silverstone-ai.com/blog/ai-lead-capture-trades-uk-2026 in tab 1. Browser reported: net::ERR_TOO_MANY_REDIRECTS"
"route-blog-ai-lead-capture-uk-trades-2026","canonical:/blog/ai-lead-capture-uk-trades-2026","/blog/ai-lead-capture-uk-trades-2026","blog","article","retained","https://silverstone-ai.com/blog/ai-lead-capture-uk-trades-2026","AI Lead Capture for UK Trades in 2026 | Silverstone AI","AI lead capture helps UK trades firms win more jobs in 2026 by rescuing missed calls, speeding replies and turning enquiries into booked work.","AI Lead Capture for UK Trades in 2026","pending content migration","true","true","blog/ai-lead-capture-uk-trades-2026.html","content-blog-ai-lead-capture-uk-trades-2026","refactor","review-pending",""
"route-blog-ai-lead-qualification-estate-agents-2026","canonical:/blog/ai-lead-qualification-estate-agents-2026","/blog/ai-lead-qualification-estate-agents-2026","blog","article","retained","https://silverstone-ai.com/blog/ai-lead-qualification-estate-agents-2026","AI Lead Qualification for UK Estate Agents | Silverstone AI","AI lead qualification helps UK estate agents respond faster, route enquiries better, and turn more portal leads into viewings and valuations.","AI Lead Qualification for UK Estate Agents in 2026","pending content migration","true","true","blog/ai-lead-qualification-estate-agents-2026.html","content-blog-ai-lead-qualification-estate-agents-2026","refactor","review-pending",""
"route-blog-ai-lead-scoring-fitness-coaches-uk","canonical:/blog/ai-lead-scoring-fitness-coaches-uk","/blog/ai-lead-scoring-fitness-coaches-uk","blog","article","retained","https://silverstone-ai.com/blog/ai-lead-scoring-fitness-coaches-uk","AI Lead Scoring for UK Fitness Coaches | Silverstone AI","Learn how UK fitness coaches can use AI lead scoring to qualify DMs faster, filter low-intent enquiries, and route serious leads to the right next step.","AI Lead Scoring for UK Fitness Coaches","pending content migration","true","true","blog/ai-lead-scoring-fitness-coaches-uk.html","content-blog-ai-lead-scoring-fitness-coaches-uk","refactor","review-pending",""
"route-blog-ai-missed-call-recovery-dentists-uk","canonical:/blog/ai-missed-call-recovery-dentists-uk","/blog/ai-missed-call-recovery-dentists-uk","blog","article","retained","https://silverstone-ai.com/blog/ai-missed-call-recovery-dentists-uk","AI Missed-Call Recovery for Dentists | Silverstone AI","See how UK dental practices can use AI missed-call recovery to capture unanswered enquiries, protect revenue, and book more high-value appointments.","AI Missed-Call Recovery for Dentists","pending content migration","true","true","blog/ai-missed-call-recovery-dentists-uk.html","content-blog-ai-missed-call-recovery-dentists-uk","refactor","review-pending",""
"route-blog-ai-no-show-reduction-uk-salons-barbers","canonical:/blog/ai-no-show-reduction-uk-salons-barbers","/blog/ai-no-show-reduction-uk-salons-barbers","blog","article","retained","https://silverstone-ai.com/blog/ai-no-show-reduction-uk-salons-barbers","AI No-Show Reduction for UK Salons | Silverstone AI","AI no-show reduction helps UK salons and barbers cut missed bookings, fill gaps faster and protect revenue with reminders, deposits and waitlists.","AI No-show Reduction for UK Salons and Barbers","pending content migration","true","true","blog/ai-no-show-reduction-uk-salons-barbers.html","content-blog-ai-no-show-reduction-uk-salons-barbers","refactor","review-pending",""
"route-blog-ai-quote-follow-up-trades","canonical:/blog/ai-quote-follow-up-trades","/blog/ai-quote-follow-up-trades","blog","article","retained","https://silverstone-ai.com/blog/ai-quote-follow-up-trades","AI Quote Follow-Up for Trades in 2026 | Silverstone AI","Quote follow-up is often where trades jobs are won or lost, and AI can help make that process faster and more consistent. This article explains how to use it in","How UK Trades Businesses Can Use AI Quote Follow-Up to Win More Approved Jobs in 2026","pending content migration","true","true","blog/ai-quote-follow-up-trades.html","content-blog-ai-quote-follow-up-trades","refactor","review-pending",""
"route-blog-ai-rebooking-journeys-salons-uk","canonical:/blog/ai-rebooking-journeys-salons-uk","/blog/ai-rebooking-journeys-salons-uk","blog","article","retained","https://silverstone-ai.com/blog/ai-rebooking-journeys-salons-uk","AI Rebooking Journeys for Salons | Silverstone AI","Learn how UK salons and barbers can use consent-aware AI rebooking journeys to recover missed visits, fill diary gaps, and cut front-desk follow-up.","How UK Salons and Barbers Can Use AI Rebooking Journeys to Fill Gaps Between Appointments","pending content migration","true","true","blog/ai-rebooking-journeys-salons-uk.html","content-blog-ai-rebooking-journeys-salons-uk","refactor","review-pending",""
"route-blog-ai-receptionist-small-business-2026","canonical:/blog/ai-receptionist-small-business-2026","/blog/ai-receptionist-small-business-2026","blog","article","retained","https://silverstone-ai.com/blog/ai-receptionist-small-business-2026","AI Receptionist for Small Business | Silverstone AI","Discover why an AI receptionist is the strongest first AI project for small businesses in 2026, from missed-call capture to bookings, reminders, and follow-up.","AI Receptionist for Small Business in 2026: Why the Best First AI Project Is Your Front Desk","pending content migration","true","true","blog/ai-receptionist-small-business-2026.html","content-blog-ai-receptionist-small-business-2026","refactor","review-pending",""
"route-blog-ai-receptionist-uk-costs-roi-2026","canonical:/blog/ai-receptionist-uk-costs-roi-2026","/blog/ai-receptionist-uk-costs-roi-2026","blog","article","retained","https://silverstone-ai.com/blog/ai-receptionist-uk-costs-roi-2026","AI Receptionists for UK SMEs: Costs and ROI | Silverstone AI","AI receptionist UK pricing, setup and ROI explained for SMEs in 2026, with practical guidance on costs, compliance and front-desk automation.","AI Receptionists for UK SMEs: Costs and ROI in 2026","pending content migration","true","true","blog/ai-receptionist-uk-costs-roi-2026.html","content-blog-ai-receptionist-uk-costs-roi-2026","refactor","review-pending",""
"route-blog-ai-returns-triage-ecommerce-uk","canonical:/blog/ai-returns-triage-ecommerce-uk","/blog/ai-returns-triage-ecommerce-uk","blog","article","retained","https://silverstone-ai.com/blog/ai-returns-triage-ecommerce-uk","AI Returns Triage for UK eCommerce | Silverstone AI","Learn how UK eCommerce brands can use AI returns triage to answer common questions, route requests, and reduce support load without hiring more staff.","How UK eCommerce Brands Can Use AI Returns Triage to Cut Support Load and Keep Customers Happy","pending content migration","true","true","blog/ai-returns-triage-ecommerce-uk.html","content-blog-ai-returns-triage-ecommerce-uk","refactor","review-pending",""
"route-blog-ai-viewing-feedback-estate-agents-uk","canonical:/blog/ai-viewing-feedback-estate-agents-uk","/blog/ai-viewing-feedback-estate-agents-uk","blog","article","retained","https://silverstone-ai.com/blog/ai-viewing-feedback-estate-agents-uk","AI Viewing Feedback for Estate Agents | Silverstone AI","Learn how UK estate agents can automate post-viewing feedback, speed vendor updates, and surface hot leads without losing the personal touch.","How UK Estate Agents Can Use AI Viewing Feedback Follow-Up to Win More Instructions","pending content migration","true","true","blog/ai-viewing-feedback-estate-agents-uk.html","content-blog-ai-viewing-feedback-estate-agents-uk","refactor","review-pending",""
"route-blog-ai-voice-agents-uk-smes-2026","canonical:/blog/ai-voice-agents-uk-smes-2026","/blog/ai-voice-agents-uk-smes-2026","blog","article","retained","https://silverstone-ai.com/blog/ai-voice-agents-uk-smes-2026","AI Voice Agents for UK SMEs in 2026 | Silverstone AI","AI voice agents help UK SMEs answer more calls, book more enquiries and cut admin in 2026 with faster, smarter front-desk automation.","AI Voice Agents for UK SMEs in 2026","pending content migration","true","true","blog/ai-voice-agents-uk-smes-2026.html","content-blog-ai-voice-agents-uk-smes-2026","refactor","review-pending",""
"route-blog-ai-website-tools-uk-small-businesses-2026","canonical:/blog/ai-website-tools-uk-small-businesses-2026","/blog/ai-website-tools-uk-small-businesses-2026","blog","article","retained","https://silverstone-ai.com/blog/ai-website-tools-uk-small-businesses-2026","AI Website Tools for UK Small Businesses | Silverstone AI","AI website tools UK firms use in 2026 can turn more visitors into leads with chat, personalisation and follow-up automation.","AI Website Tools for UK Small Businesses in 2026","pending content migration","true","true","blog/ai-website-tools-uk-small-businesses-2026.html","content-blog-ai-website-tools-uk-small-businesses-2026","refactor","review-pending",""
"route-blog-ai-win-back-journeys-gyms-uk","canonical:/blog/ai-win-back-journeys-gyms-uk","/blog/ai-win-back-journeys-gyms-uk","blog","article","retained","https://silverstone-ai.com/blog/ai-win-back-journeys-gyms-uk","AI Win-Back Journeys for Gyms | Silverstone AI","Learn how UK gyms and fitness studios can use AI win-back journeys to re-engage inactive members, reduce churn, and recover revenue without blanket discounts.","How UK Gyms and Fitness Studios Can Use AI Win-Back Journeys to Reactivate Inactive Members","pending content migration","true","true","blog/ai-win-back-journeys-gyms-uk.html","content-blog-ai-win-back-journeys-gyms-uk","refactor","review-pending",""
"route-blog-clinic-rebooking-physio-chiro-uk","canonical:/blog/clinic-rebooking-physio-chiro-uk","/blog/clinic-rebooking-physio-chiro-uk","blog","article","retained","https://silverstone-ai.com/blog/clinic-rebooking-physio-chiro-uk","Clinic Rebooking Automation for Physios | Silverstone AI","Learn how UK physio and chiropractic clinics can automate rebooking, reduce patient drop-off, and keep treatment plans moving with less admin.","How UK Physio and Chiropractic Clinics Can Automate Rebooking to Keep Patients on Plan","pending content migration","true","true","blog/clinic-rebooking-physio-chiro-uk.html","content-blog-clinic-rebooking-physio-chiro-uk","refactor","review-pending",""
"route-blog-dental-intake-e-consent-automation-uk","canonical:/blog/dental-intake-e-consent-automation-uk","/blog/dental-intake-e-consent-automation-uk","blog","article","retained","https://silverstone-ai.com/blog/dental-intake-e-consent-automation-uk","Dental Intake and E-Consent Automation - Silverstone AI","A practical guide for UK dental practices to automate patient intake and e‑consent, cut reception admin, speed treatment starts, and keep GDPR‑compliant records.","How UK dental practices can automate patient intake and e‑consent to cut admin, speed treatment starts and","pending content migration","true","true","blog/dental-intake-e-consent-automation-uk.html","content-blog-dental-intake-e-consent-automation-uk","refactor","review-pending",""
"route-blog-dental-recall-automation-uk-2026","canonical:/blog/dental-recall-automation-uk-2026","/blog/dental-recall-automation-uk-2026","blog","article","retained","https://silverstone-ai.com/blog/dental-recall-automation-uk-2026","Dental Recall Automation for UK Practices | Silverstone AI","A practical guide for UK dental practices on automating recalls, reminders, and DNA follow-up to fill more hygiene appointments and reduce reception workload.","Dental Recall Automation for UK Practices: Fill More Hygiene Appointments and Reduce DNAs in 2026","pending content migration","true","true","blog/dental-recall-automation-uk-2026.html","content-blog-dental-recall-automation-uk-2026","refactor","review-pending",""
"route-blog-dm-to-client-automation-uk-fitness-coaches-2026","canonical:/blog/dm-to-client-automation-uk-fitness-coaches-2026","/blog/dm-to-client-automation-uk-fitness-coaches-2026","blog","article","retained","https://silverstone-ai.com/blog/dm-to-client-automation-uk-fitness-coaches-2026","DM Automation for UK Fitness Coaches | Silverstone AI","A practical 3-step system for UK fitness coaches to turn Instagram DMs into booked calls or paid clients with faster replies and compliant follow-up.","3-Step DM-to-Client Automation for UK Fitness Coaches: Close More Clients Without Living in Your Inbox","pending content migration","true","true","blog/dm-to-client-automation-uk-fitness-coaches-2026.html","content-blog-dm-to-client-automation-uk-fitness-coaches-2026","refactor","review-pending",""
"route-blog-estate-agent-viewing-confirmations-uk","canonical:/blog/estate-agent-viewing-confirmations-uk","/blog/estate-agent-viewing-confirmations-uk","blog","article","retained","https://silverstone-ai.com/blog/estate-agent-viewing-confirmations-uk","Estate Agent Viewing Confirmations | Silverstone AI","A practical guide for small UK estate agents to implement automated viewing confirmations, reduce no-shows, improve diary utilisation, and speed vendor follow-up.","How small UK estate agents can use automated viewing confirmations to cut no-shows and win instructions","pending content migration","true","true","blog/estate-agent-viewing-confirmations-uk.html","content-blog-estate-agent-viewing-confirmations-uk","refactor","review-pending",""
"route-blog-gym-booking-automation-uk-gyms-studios-2026","canonical:/blog/gym-booking-automation-uk-gyms-studios-2026","/blog/gym-booking-automation-uk-gyms-studios-2026","blog","article","retained","https://silverstone-ai.com/blog/gym-booking-automation-uk-gyms-studios-2026","Gym Booking Automation for UK Studios | Silverstone AI","A practical guide for UK gyms and studios on using booking automation, waitlists, reminders, and rebooking journeys to fill more classes and reduce no-shows.","How to fill more classes and cut no-shows: a practical automation guide for UK gyms and studios","pending content migration","true","true","blog/gym-booking-automation-uk-gyms-studios-2026.html","content-blog-gym-booking-automation-uk-gyms-studios-2026","refactor","review-pending",""
"route-blog-post-purchase-automation-uk-ecommerce-repeat-customers","canonical:/blog/post-purchase-automation-uk-ecommerce-repeat-customers","/blog/post-purchase-automation-uk-ecommerce-repeat-customers","blog","article","retained","https://silverstone-ai.com/blog/post-purchase-automation-uk-ecommerce-repeat-customers","Post-Purchase Automation for UK eCommerce | Silverstone AI","A practical UK guide to seven post-purchase automations that recover lost revenue, reduce support load, and turn first orders into repeat customers.","Post‑Purchase Automation for UK eCommerce: 7 Simple Systems That Turn One‑Time Buyers into Repeat Customers","pending content migration","true","true","blog/post-purchase-automation-uk-ecommerce-repeat-customers.html","content-blog-post-purchase-automation-uk-ecommerce-repeat-customers","refactor","review-pending",""
"route-blog-quote-chase-automation-uk-trades-accepted-jobs-2026","canonical:/blog/quote-chase-automation-uk-trades-accepted-jobs-2026","/blog/quote-chase-automation-uk-trades-accepted-jobs-2026","blog","article","retained","https://silverstone-ai.com/blog/quote-chase-automation-uk-trades-accepted-jobs-2026","Quote Chase Automation for UK Trades | Silverstone AI","A practical guide for UK trades firms on automating quote follow-up, reducing admin, and recovering more accepted jobs without spending evenings chasing.","Quote Chase Automation for UK Trades: Win More Accepted Jobs Without Spending Evenings on Follow-Ups","pending content migration","true","true","blog/quote-chase-automation-uk-trades-accepted-jobs-2026.html","content-blog-quote-chase-automation-uk-trades-accepted-jobs-2026","refactor","review-pending",""
"route-blog-quote-follow-up-automation-uk-trades-2026","canonical:/blog/quote-follow-up-automation-uk-trades-2026","/blog/quote-follow-up-automation-uk-trades-2026","blog","article","retained","https://silverstone-ai.com/blog/quote-follow-up-automation-uk-trades-2026","Quote Follow-Up Automation for UK Trades | Silverstone AI","A practical guide to quote follow-up automation for UK trades businesses in 2026, covering reminders, missed-call capture, compliance, rollout steps, and ROI.","Quote Follow-Up Automation for UK Trades: Win More Jobs Without Chasing Every Lead Yourself","pending content migration","true","true","blog/quote-follow-up-automation-uk-trades-2026.html","content-blog-quote-follow-up-automation-uk-trades-2026","refactor","review-pending",""
